"Date","Group","Ret_VW","Ret_EW","RiskPremium","SMB","HML_Std"
2008-07-01,1,0.0297418424662553,0.0669724900362319,0.019857,0.087877,0.002528
2008-07-01,2,0.0265017390621669,0.0767221863636364,0.019857,0.087877,0.002528
2008-07-01,3,0.0298834660086787,0.0959650663636364,0.019857,0.087877,0.002528
2008-07-01,4,0.0313867126180872,0.10486479,0.019857,0.087877,0.002528
2008-07-01,5,0.0495358638099797,0.10175356,0.019857,0.087877,0.002528
2008-08-01,1,-0.230747140309389,-0.245942790681004,-0.15066,-0.088312,0.030234
2008-08-01,2,-0.156868566827253,-0.237236453405018,-0.15066,-0.088312,0.030234
2008-08-01,3,-0.190991480032787,-0.234675207885305,-0.15066,-0.088312,0.030234
2008-08-01,4,-0.134313718384221,-0.213741601075269,-0.15066,-0.088312,0.030234
2008-08-01,5,-0.164808718603327,-0.197595508960573,-0.15066,-0.088312,0.030234
2008-09-01,1,-0.111022532164708,-0.0995001209929078,-0.071351,-0.030662,0.03859
2008-09-01,2,-0.0644227344464225,-0.0839491838297872,-0.071351,-0.030662,0.03859
2008-09-01,3,-0.0684920192060883,-0.0846750947517731,-0.071351,-0.030662,0.03859
2008-09-01,4,-0.0744007852952513,-0.0687799262411348,-0.071351,-0.030662,0.03859
2008-09-01,5,0.00583923956370092,-0.0539406303202847,-0.071351,-0.030662,0.03859
2008-10-01,1,-0.259995356856862,-0.262775813297872,-0.262438,0.010845,0.030937
2008-10-01,2,-0.282071946594241,-0.268484503297872,-0.262438,0.010845,0.030937
2008-10-01,3,-0.259542810505948,-0.262346465496454,-0.262438,0.010845,0.030937
2008-10-01,4,-0.285833509213281,-0.254280571601423,-0.262438,0.010845,0.030937
2008-10-01,5,-0.23886247486127,-0.246522699217082,-0.262438,0.010845,0.030937
2008-11-01,1,0.138057951828095,0.162881105598592,0.112747,0.095304,-0.016385
2008-11-01,2,0.107390161750909,0.183298479964789,0.112747,0.095304,-0.016385
2008-11-01,3,0.129343411651746,0.189887913626761,0.112747,0.095304,-0.016385
2008-11-01,4,0.153399025378955,0.218079696619718,0.112747,0.095304,-0.016385
2008-11-01,5,0.161500966930586,0.212460090985915,0.112747,0.095304,-0.016385
2008-12-01,1,0.0344581408302877,0.0891022323793104,-0.005989,0.075206,-0.039037
2008-12-01,2,0.0268447644896749,0.0909038513793103,-0.005989,0.075206,-0.039037
2008-12-01,3,-0.0149176708514185,0.0575904410689655,-0.005989,0.075206,-0.039037
2008-12-01,4,0.010626117444383,0.0607481829757785,-0.005989,0.075206,-0.039037
2008-12-01,5,0.00597556527373822,0.0314381040484429,-0.005989,0.075206,-0.039037
2009-01-01,1,0.0818792425412609,0.131226353564014,0.11069,0.040802,-0.018003
2009-01-01,2,0.162132524359481,0.155702593910035,0.11069,0.040802,-0.018003
2009-01-01,3,0.167373774487408,0.17073623183391,0.11069,0.040802,-0.018003
2009-01-01,4,0.145859280035781,0.177501301280277,0.11069,0.040802,-0.018003
2009-01-01,5,0.136765219324369,0.162992822083333,0.11069,0.040802,-0.018003
2009-02-01,1,0.0529325283362365,0.0603457973630137,0.050503,0.045555,-0.017919
2009-02-01,2,0.0428628610425989,0.0726331289726027,0.050503,0.045555,-0.017919
2009-02-01,3,0.0557218103010259,0.0859289955136986,0.050503,0.045555,-0.017919
2009-02-01,4,0.0591622107341313,0.102236192465753,0.050503,0.045555,-0.017919
2009-02-01,5,0.0772524267137918,0.118405795445205,0.050503,0.045555,-0.017919
2009-03-01,1,0.153798382323345,0.209040833788396,0.163015,0.075955,-0.051357
2009-03-01,2,0.215045990455021,0.22869209774744,0.163015,0.075955,-0.051357
2009-03-01,3,0.208861614851733,0.224933245665529,0.163015,0.075955,-0.051357
2009-03-01,4,0.17381100112336,0.226184535616438,0.163015,0.075955,-0.051357
2009-03-01,5,0.182405348534844,0.222196710890411,0.163015,0.075955,-0.051357
2009-04-01,1,0.0488324460527758,0.0511610501706484,0.045911,0.034071,0.014807
2009-04-01,2,0.0620991433581798,0.0663220011262799,0.045911,0.034071,0.014807
2009-04-01,3,0.0276003005356872,0.0645891052901024,0.045911,0.034071,0.014807
2009-04-01,4,0.059483261371448,0.071079171774744,0.045911,0.034071,0.014807
2009-04-01,5,0.0545980396406763,0.0797869364383561,0.045911,0.034071,0.014807
2009-05-01,1,0.0335491638137954,0.0583530930716724,0.051924,0.030207,0.003924
2009-05-01,2,0.0589699460073554,0.0647344517406143,0.051924,0.030207,0.003924
2009-05-01,3,0.052293958362015,0.0702502060958904,0.051924,0.030207,0.003924
2009-05-01,4,0.0813851922900278,0.0823907546575343,0.051924,0.030207,0.003924
2009-05-01,5,0.0523408013140212,0.0895108602054795,0.051924,0.030207,0.003924
2009-06-01,1,0.0987456096551286,0.0669049863822525,0.136025,-0.091757,-0.016668
2009-06-01,2,0.0935963752937821,0.0549827511604096,0.136025,-0.091757,-0.016668
2009-06-01,3,0.125659714710279,0.0589416589419795,0.136025,-0.091757,-0.016668
2009-06-01,4,0.123055702429074,0.0827262715699659,0.136025,-0.091757,-0.016668
2009-06-01,5,0.130179354969922,0.0791781240068493,0.136025,-0.091757,-0.016668
2009-07-01,1,0.123040908900848,0.126597778807947,0.164515,-0.031906,0.021235
2009-07-01,2,0.155251938352529,0.139946570993377,0.164515,-0.031906,0.021235
2009-07-01,3,0.172168208054013,0.140328534172185,0.164515,-0.031906,0.021235
2009-07-01,4,0.153190704300919,0.152938315231788,0.164515,-0.031906,0.021235
2009-07-01,5,0.236499604772169,0.175386185647841,0.164515,-0.031906,0.021235
2009-08-01,1,-0.17152293563282,-0.163047801716172,-0.219901,0.061762,-0.023972
2009-08-01,2,-0.241701222857574,-0.165382109042904,-0.219901,0.061762,-0.023972
2009-08-01,3,-0.219241775112959,-0.155369257029703,-0.219901,0.061762,-0.023972
2009-08-01,4,-0.209197629186175,-0.15179881359736,-0.219901,0.061762,-0.023972
2009-08-01,5,-0.21770353565402,-0.16904034,-0.219901,0.061762,-0.023972
2009-09-01,1,0.0600762830418342,0.03302981625,0.050538,-0.025297,-0.016304
2009-09-01,2,0.0469843831589539,0.0413850003947368,0.050538,-0.025297,-0.016304
2009-09-01,3,0.0521944931815828,0.0358852947368421,0.050538,-0.025297,-0.016304
2009-09-01,4,0.0622228854516507,0.0309232618421053,0.050538,-0.025297,-0.016304
2009-09-01,5,0.043278120981037,0.0468868339933993,0.050538,-0.025297,-0.016304
2009-10-01,1,0.0853069704123137,0.112815461447368,0.086467,0.032472,-0.003578
2009-10-01,2,0.121076935894833,0.124623833815789,0.086467,0.032472,-0.003578
2009-10-01,3,0.113420334787975,0.124185129868421,0.086467,0.032472,-0.003578
2009-10-01,4,0.0992980708735947,0.123374473289474,0.086467,0.032472,-0.003578
2009-10-01,5,0.0705303944337254,0.111367409768977,0.086467,0.032472,-0.003578
2009-11-01,1,0.109809967224414,0.124792896644737,0.074081,0.08275,0.003528
2009-11-01,2,0.0979256408358474,0.135558454802632,0.074081,0.08275,0.003528
2009-11-01,3,0.0716984160234234,0.144796184736842,0.074081,0.08275,0.003528
2009-11-01,4,0.114799658408717,0.163362062236842,0.074081,0.08275,0.003528
2009-11-01,5,0.0662290166396836,0.163191243564356,0.074081,0.08275,0.003528
2009-12-01,1,0.00474283803602588,0.0136380421052632,0.030193,0.012538,0.025173
2009-12-01,2,0.00188949730018816,0.0243433373684211,0.030193,0.012538,0.025173
2009-12-01,3,0.0111597898586659,0.0261436193421053,0.030193,0.012538,0.025173
2009-12-01,4,0.0211161081609696,0.0331340452631579,0.030193,0.012538,0.025173
2009-12-01,5,0.0629686950462593,0.0337243292409241,0.030193,0.012538,0.025173
2010-01-01,1,-0.0708708817352728,-0.041457299009901,-0.090104,0.072028,-0.018919
2010-01-01,2,-0.0657370385630652,-0.0269697458745875,-0.090104,0.072028,-0.018919
2010-01-01,3,-0.0790558060517842,-0.0325568678547855,-0.090104,0.072028,-0.018919
2010-01-01,4,-0.0776933011956805,-0.0238137440264027,-0.090104,0.072028,-0.018919
2010-01-01,5,-0.10204204101496,-0.0409471914191419,-0.090104,0.072028,-0.018919
2010-02-01,1,0.0295166557950839,0.0567179881967213,0.024046,0.065069,-0.019492
2010-02-01,2,0.0449610765508389,0.0594679348684211,0.024046,0.065069,-0.019492
2010-02-01,3,0.041935351019517,0.0675453421052632,0.024046,0.065069,-0.019492
2010-02-01,4,0.0365034623939136,0.065026165131579,0.024046,0.065069,-0.019492
2010-02-01,5,0.0178034812806359,0.0636219921052632,0.024046,0.065069,-0.019492
2010-03-01,1,0.014090185684295,0.0358120740131579,0.023421,0.021816,-0.005504
2010-03-01,2,0.0191988872262424,0.0361698242105263,0.023421,0.021816,-0.005504
2010-03-01,3,0.031106163813356,0.0342324545394737,0.023421,0.021816,-0.005504
2010-03-01,4,0.0289022093583917,0.0408855569078947,0.023421,0.021816,-0.005504
2010-03-01,5,0.0228943719990012,0.0328339475657895,0.023421,0.021816,-0.005504
2010-04-01,1,-0.0467205315489127,-0.0600059000657895,-0.07983,0.008749,-0.019223
2010-04-01,2,-0.0654121261722847,-0.0591117093421053,-0.07983,0.008749,-0.019223
2010-04-01,3,-0.0739530267129515,-0.0627062717105263,-0.07983,0.008749,-0.019223
2010-04-01,4,-0.0770212983160333,-0.0737291146534653,-0.07983,0.008749,-0.019223
2010-04-01,5,-0.0908223879740912,-0.0862040913531353,-0.07983,0.008749,-0.019223
2010-05-01,1,-0.0388280573543546,-0.0660449518151815,-0.085229,0.003087,-0.002986
2010-05-01,2,-0.0753042758161997,-0.0662479804635762,-0.085229,0.003087,-0.002986
2010-05-01,3,-0.0950581566855471,-0.0900754841059603,-0.085229,0.003087,-0.002986
2010-05-01,4,-0.106150641996218,-0.0976421857615894,-0.085229,0.003087,-0.002986
2010-05-01,5,-0.0822915049402722,-0.114184615231788,-0.085229,0.003087,-0.002986
2010-06-01,1,-0.0890504856776422,-0.0953287502317881,-0.077264,-0.023975,0.003928
2010-06-01,2,-0.111605892847337,-0.102597771821192,-0.077264,-0.023975,0.003928
2010-06-01,3,-0.0532253096061557,-0.0948100776821192,-0.077264,-0.023975,0.003928
2010-06-01,4,-0.0738030695983231,-0.0940181289072848,-0.077264,-0.023975,0.003928
2010-06-01,5,-0.0737824975044326,-0.091767507384106,-0.077264,-0.023975,0.003928
2010-07-01,1,0.119709539968121,0.135355762251656,0.114183,0.042521,-0.026853
2010-07-01,2,0.151243761219193,0.154784355481728,0.114183,0.042521,-0.026853
2010-07-01,3,0.149628467162227,0.16304634833887,0.114183,0.042521,-0.026853
2010-07-01,4,0.117280090366766,0.169379066611296,0.114183,0.042521,-0.026853
2010-07-01,5,0.112617322468311,0.166258491362126,0.114183,0.042521,-0.026853
2010-08-01,1,0.122244339975143,0.120580844092409,0.013317,0.087314,-0.075616
2010-08-01,2,0.10328872025389,0.106326209570957,0.013317,0.087314,-0.075616
2010-08-01,3,0.0638948671597653,0.0962855916556291,0.013317,0.087314,-0.075616
2010-08-01,4,0.0106839866787951,0.0804704865231788,0.013317,0.087314,-0.075616
2010-08-01,5,-0.0305487285238936,0.0469570855960265,0.013317,0.087314,-0.075616
2010-09-01,1,0.0659177192318864,0.0327975533986928,0.009753,0.000901,-0.044449
2010-09-01,2,0.0258548790415754,0.0176122185620915,0.009753,0.000901,-0.044449
2010-09-01,3,0.0259017664106739,0.0187382662091503,0.009753,0.000901,-0.044449
2010-09-01,4,0.00745093494804149,0.0167470589542484,0.009753,0.000901,-0.044449
2010-09-01,5,-0.0117310405237881,0.00103153398692811,0.009753,0.000901,-0.044449
2010-10-01,1,0.0694365980355875,0.0710143158653846,0.119258,-0.041885,0.013824
2010-10-01,2,0.125703779152071,0.0895388220257235,0.119258,-0.041885,0.013824
2010-10-01,3,0.156130403115393,0.10203030659164,0.119258,-0.041885,0.013824
2010-10-01,4,0.15289156721131,0.113756375401929,0.119258,-0.041885,0.013824
2010-10-01,5,0.112464068491495,0.104826430546624,0.119258,-0.041885,0.013824
2010-11-01,1,0.0322867574645244,0.0325336735031847,-0.04994,0.056458,-0.03548
2010-11-01,2,-0.0331632024151382,-0.00468587194267516,-0.04994,0.056458,-0.03548
2010-11-01,3,-0.0445268441737914,0.00405361343949044,-0.04994,0.056458,-0.03548
2010-11-01,4,-0.0670670502576538,0.00198491859872611,-0.04994,0.056458,-0.03548
2010-11-01,5,-0.0711014520025643,-0.0337170018789809,-0.04994,0.056458,-0.03548
2010-12-01,1,-0.0350742728654064,-0.024431966728972,-0.007594,-0.007333,0.015333
2010-12-01,2,-0.0146268212535052,-0.0259144580685358,-0.007594,-0.007333,0.015333
2010-12-01,3,-0.00541734088525266,-0.019745655375,-0.007594,-0.007333,0.015333
2010-12-01,4,-0.00161599271861535,-0.01150164125,-0.007594,-0.007333,0.015333
2010-12-01,5,-0.00272648193336748,-0.018096767875,-0.007594,-0.007333,0.015333
2011-01-01,1,-0.0824031623275594,-0.0838697484662577,-0.017814,-0.02829,0.040893
2011-01-01,2,-0.0713739527395908,-0.0638062660122699,-0.017814,-0.02829,0.040893
2011-01-01,3,-0.0651615899495378,-0.0498026609815951,-0.017814,-0.02829,0.040893
2011-01-01,4,-0.0121615531157781,-0.0357009391411043,-0.017814,-0.02829,0.040893
2011-01-01,5,0.0206130537307003,-0.00561254609230769,-0.017814,-0.02829,0.040893
2011-02-01,1,0.0743177351072777,0.0977386510574018,0.044323,0.064228,-0.030126
2011-02-01,2,0.107930798602774,0.109641256060606,0.044323,0.064228,-0.030126
2011-02-01,3,0.0811973706022079,0.100980159090909,0.044323,0.064228,-0.030126
2011-02-01,4,0.0711119791077533,0.10243091969697,0.044323,0.064228,-0.030126
2011-02-01,5,0.0222495065602738,0.0895873893939394,0.044323,0.064228,-0.030126
2011-03-01,1,-0.0274715997221353,-0.0250482372121212,0.001873,0.010638,0.008039
2011-03-01,2,-0.0250442814560537,-0.016769094,0.001873,0.010638,0.008039
2011-03-01,3,-0.0231180334451196,-0.0104024687537994,0.001873,0.010638,0.008039
2011-03-01,4,-0.00441448224276596,0.00372353416413374,0.001873,0.010638,0.008039
2011-03-01,5,0.0272598590715583,0.0237945268085106,0.001873,0.010638,0.008039
2011-04-01,1,-0.0247915632611004,-0.0306108542424242,-0.010276,-0.02444,0.003979
2011-04-01,2,-0.0485850750987133,-0.043217856231003,-0.010276,-0.02444,0.003979
2011-04-01,3,-0.0342145668602925,-0.0332536799392097,-0.010276,-0.02444,0.003979
2011-04-01,4,-0.0158776163464165,-0.0277959661094225,-0.010276,-0.02444,0.003979
2011-04-01,5,0.00444113315279354,-0.00475012705167174,-0.010276,-0.02444,0.003979
2011-05-01,1,-0.0492703439536979,-0.071480655304878,-0.063684,-0.011721,0.002114
2011-05-01,2,-0.0749990774057416,-0.064628072804878,-0.063684,-0.011721,0.002114
2011-05-01,3,-0.0740071371695021,-0.0732428682317073,-0.063684,-0.011721,0.002114
2011-05-01,4,-0.0687298643290664,-0.0721925760365854,-0.063684,-0.011721,0.002114
2011-05-01,5,-0.0520464240173236,-0.0700982470336391,-0.063684,-0.011721,0.002114
2011-06-01,1,0.050894091820066,0.0435805115243902,0.020831,0.02192,-0.016585
2011-06-01,2,0.0372933034806184,0.0374988631707317,0.020831,0.02192,-0.016585
2011-06-01,3,0.0339024107435005,0.0390061993597561,0.020831,0.02192,-0.016585
2011-06-01,4,0.0243998336336808,0.0277104272865854,0.020831,0.02192,-0.016585
2011-06-01,5,0.00885521114456998,0.0219173152134146,0.020831,0.02192,-0.016585
2011-07-01,1,0.0404348299596274,0.037478547,-0.017199,0.031037,-0.044864
2011-07-01,2,0.019285250166451,0.0266836054444444,-0.017199,0.031037,-0.044864
2011-07-01,3,0.000453313450802259,0.01493860545961,-0.017199,0.031037,-0.044864
2011-07-01,4,-0.0154928269904316,0.0054170521448468,-0.017199,0.031037,-0.044864
2011-07-01,5,-0.0348160700463968,-0.0116624997214485,-0.017199,0.031037,-0.044864
2011-08-01,1,-0.0180363765403393,-0.0289841376021798,-0.049416,0.018516,-0.012194
2011-08-01,2,-0.0389913882973136,-0.0302171308743169,-0.049416,0.018516,-0.012194
2011-08-01,3,-0.0424008789446588,-0.0272549459016393,-0.049416,0.018516,-0.012194
2011-08-01,4,-0.0670331163766102,-0.0347767071038251,-0.049416,0.018516,-0.012194
2011-08-01,5,-0.0529872212154378,-0.0479925822404372,-0.049416,0.018516,-0.012194
2011-09-01,1,-0.131072347193682,-0.130747164075067,-0.086875,-0.02658,0.036443
2011-09-01,2,-0.12164569755958,-0.124179291397849,-0.086875,-0.02658,0.036443
2011-09-01,3,-0.125779789958485,-0.126495994623656,-0.086875,-0.02658,0.036443
2011-09-01,4,-0.112257515884386,-0.112294759677419,-0.086875,-0.02658,0.036443
2011-09-01,5,-0.0558551158885399,-0.0978576016129032,-0.086875,-0.02658,0.036443
2011-10-01,1,0.0298055069143231,0.0331396074270557,0.045587,-0.009817,0.023869
2011-10-01,2,0.019196357358427,0.0410416223404255,0.045587,-0.009817,0.023869
2011-10-01,3,0.0248866557352091,0.0389517292553192,0.045587,-0.009817,0.023869
2011-10-01,4,0.0486822131917788,0.0400518957446809,0.045587,-0.009817,0.023869
2011-10-01,5,0.0546759389142998,0.0442029414893617,0.045587,-0.009817,0.023869
2011-11-01,1,-0.0177745760875006,-0.0279432531413613,-0.053179,0.011124,-0.014623
2011-11-01,2,-0.0531674983483746,-0.0401604237532808,-0.053179,0.011124,-0.014623
2011-11-01,3,-0.0574776148974475,-0.0417403707349081,-0.053179,0.011124,-0.014623
2011-11-01,4,-0.0712837743329208,-0.0464455531496063,-0.053179,0.011124,-0.014623
2011-11-01,5,-0.053448420611292,-0.0603824484251968,-0.053179,0.011124,-0.014623
2011-12-01,1,-0.142072095179482,-0.176819741538462,-0.064462,-0.100992,0.078564
2011-12-01,2,-0.150951078640592,-0.16493227403599,-0.064462,-0.100992,0.078564
2011-12-01,3,-0.137647763022128,-0.160047537789203,-0.064462,-0.100992,0.078564
2011-12-01,4,-0.087802654073305,-0.147351942416452,-0.064462,-0.100992,0.078564
2011-12-01,5,-0.0164712899444897,-0.117390091002571,-0.064462,-0.100992,0.078564
2012-01-01,1,-0.0228867973618822,-0.0183342601518987,0.033567,-0.041265,-0.007071
2012-01-01,2,0.0180893937712087,-0.0153506676455696,0.033567,-0.041265,-0.007071
2012-01-01,3,0.0369327270051805,-0.000707722734177215,0.033567,-0.041265,-0.007071
2012-01-01,4,0.0535817917830946,0.00981014430379747,0.033567,-0.041265,-0.007071
2012-01-01,5,0.0450612151139844,0.027811145721519,0.033567,-0.041265,-0.007071
2012-02-01,1,0.111920627800768,0.131577115411471,0.061669,0.061753,-0.035422
2012-02-01,2,0.109087719604226,0.132533333765586,0.061669,0.061753,-0.035422
2012-02-01,3,0.100858598086698,0.128086046184539,0.061669,0.061753,-0.035422
2012-02-01,4,0.0513748642767068,0.1323069503,0.061669,0.061753,-0.035422
2012-02-01,5,0.0530877596788734,0.1197688602,0.061669,0.061753,-0.035422
2012-03-01,1,-0.0634844035896201,-0.0699599336972705,-0.068374,0.000601,0.011932
2012-03-01,2,-0.0739994874144207,-0.0721835212903226,-0.068374,0.000601,0.011932
2012-03-01,3,-0.0738446672441903,-0.0717761250124069,-0.068374,0.000601,0.011932
2012-03-01,4,-0.0778304288109491,-0.0807283310669975,-0.068374,0.000601,0.011932
2012-03-01,5,-0.0648696710261753,-0.0756596014888337,-0.068374,0.000601,0.011932
2012-04-01,1,0.0594895922273032,0.0470084876426799,0.050655,0.017015,-0.020842
2012-04-01,2,0.066670868627162,0.0621098833746898,0.050655,0.017015,-0.020842
2012-04-01,3,0.078080743747137,0.072661723573201,0.050655,0.017015,-0.020842
2012-04-01,4,0.0758145437300327,0.0784615217910448,0.050655,0.017015,-0.020842
2012-04-01,5,0.0458792819758995,0.094551975721393,0.050655,0.017015,-0.020842
2012-05-01,1,0.0359490783583566,0.037046250990099,-0.006797,0.016148,-0.02016
2012-05-01,2,0.0204810121929604,0.0245420426799007,-0.006797,0.016148,-0.02016
2012-05-01,3,0.0110350030882533,0.0171915741935484,-0.006797,0.016148,-0.02016
2012-05-01,4,0.00131932817135175,0.0156451389578164,-0.006797,0.016148,-0.02016
2012-05-01,5,-0.0237185681699101,0.0143625890818859,-0.006797,0.016148,-0.02016
2012-06-01,1,-0.0266989831428998,-0.0421365114074074,-0.04762,-0.013416,0.012482
2012-06-01,2,-0.0891771657672151,-0.0667767673580247,-0.04762,-0.013416,0.012482
2012-06-01,3,-0.088794976946646,-0.0711081879950495,-0.04762,-0.013416,0.012482
2012-06-01,4,-0.0522211210070928,-0.0672191167574257,-0.04762,-0.013416,0.012482
2012-06-01,5,-0.0387891546596497,-0.0712014886633663,-0.04762,-0.013416,0.012482
2012-07-01,1,-0.0492599664674109,-0.0865007060416667,-0.055402,-0.048047,0.00821
2012-07-01,2,-0.0844033503290424,-0.0968674543981481,-0.055402,-0.048047,0.00821
2012-07-01,3,-0.0584587704087385,-0.0918030224768518,-0.055402,-0.048047,0.00821
2012-07-01,4,-0.0729051875089447,-0.102900311902552,-0.055402,-0.048047,0.00821
2012-07-01,5,-0.0444659952996543,-0.0844626906960557,-0.055402,-0.048047,0.00821
2012-08-01,1,-0.0305830773848338,0.0241371821510297,-0.025539,0.076941,-0.010138
2012-08-01,2,-0.0180527291988612,0.0225159568878718,-0.025539,0.076941,-0.010138
2012-08-01,3,-0.0316418101876577,0.0174441172540046,-0.025539,0.076941,-0.010138
2012-08-01,4,-0.0453578419443903,0.0245557099082569,-0.025539,0.076941,-0.010138
2012-08-01,5,-0.0153904957377129,0.00311941944954128,-0.025539,0.076941,-0.010138
2012-09-01,1,0.0495354973502976,0.0142827501133787,0.018826,-0.022135,-0.020717
2012-09-01,2,0.0172946784052026,0.00535501655328798,0.018826,-0.022135,-0.020717
2012-09-01,3,0.0460602631690124,0.0140710810430839,0.018826,-0.022135,-0.020717
2012-09-01,4,0.0323528895254565,0.009779422,0.018826,-0.022135,-0.020717
2012-09-01,5,0.00904940730880699,0.0126201815,0.018826,-0.022135,-0.020717
2012-10-01,1,-0.0155839825177238,-0.0020544982167043,-0.009209,0.016114,0.007724
2012-10-01,2,-0.0201024889533863,-0.0133015904288939,-0.009209,0.016114,0.007724
2012-10-01,3,-0.0272899797705481,-0.0016286063122172,-0.009209,0.016114,0.007724
2012-10-01,4,-0.0218219491781855,-0.00427833633484163,-0.009209,0.016114,0.007724
2012-10-01,5,0.00411264555846717,0.0100291095022624,-0.009209,0.016114,0.007724
2012-11-01,1,-0.117887578159316,-0.120220284285714,-0.053451,-0.06271,0.04962
2012-11-01,2,-0.112571338828353,-0.125235056607143,-0.053451,-0.06271,0.04962
2012-11-01,3,-0.0744514541388009,-0.112953698255034,-0.053451,-0.06271,0.04962
2012-11-01,4,-0.074520118047695,-0.110548848948546,-0.053451,-0.06271,0.04962
2012-11-01,5,-0.0189937719417825,-0.0772894774049217,-0.053451,-0.06271,0.04962
2012-12-01,1,0.126216637273443,0.159586121622222,0.145256,0.011473,0.02095
2012-12-01,2,0.179574883946004,0.168047912555556,0.145256,0.011473,0.02095
2012-12-01,3,0.184389875748822,0.168625873888889,0.145256,0.011473,0.02095
2012-12-01,4,0.142584750806014,0.165211235933333,0.145256,0.011473,0.02095
2012-12-01,5,0.148183444973994,0.158416914466667,0.145256,0.011473,0.02095
2013-01-01,1,0.0321516424558768,0.0743536171396896,0.050566,0.029933,0.015094
2013-01-01,2,0.0466500856829316,0.0700279099556541,0.050566,0.029933,0.015094
2013-01-01,3,0.0536750468447121,0.0656118270888889,0.050566,0.029933,0.015094
2013-01-01,4,0.0743260755490309,0.0628615176,0.050566,0.029933,0.015094
2013-01-01,5,0.0491657610378356,0.0561857564,0.050566,0.029933,0.015094
2013-02-01,1,0.0315345562356511,0.0470138562114537,-0.008422,0.046091,-0.014035
2013-02-01,2,0.0263209682742375,0.0433328653744493,-0.008422,0.046091,-0.014035
2013-02-01,3,-0.00266077475110418,0.0336351478145695,-0.008422,0.046091,-0.014035
2013-02-01,4,-0.00465541666884112,0.0402070244591611,-0.008422,0.046091,-0.014035
2013-02-01,5,-0.0173524596095068,0.0237781822516556,-0.008422,0.046091,-0.014035
2013-03-01,1,-0.0146756903240953,-0.010495870154185,-0.052586,0.026223,-0.011992
2013-03-01,2,-0.0561491932831466,-0.0355162650110375,-0.052586,0.026223,-0.011992
2013-03-01,3,-0.0778045703322178,-0.0392503685430464,-0.052586,0.026223,-0.011992
2013-03-01,4,-0.0721619949037807,-0.0418528346578366,-0.052586,0.026223,-0.011992
2013-03-01,5,-0.0471745316793134,-0.0450717214128035,-0.052586,0.026223,-0.011992
2013-04-01,1,-0.0150267680349111,-0.0197476892935982,-0.024231,-0.010354,0.011127
2013-04-01,2,-0.039740444605034,-0.0281035306843267,-0.024231,-0.010354,0.011127
2013-04-01,3,-0.0199206213943294,-0.0321884725663717,-0.024231,-0.010354,0.011127
2013-04-01,4,-0.0239223210040104,-0.0387505816371681,-0.024231,-0.010354,0.011127
2013-04-01,5,-0.0280661883478041,-0.0323390186946903,-0.024231,-0.010354,0.011127
2013-05-01,1,0.122536571663718,0.147263742163355,0.066721,0.085924,-0.02445
2013-05-01,2,0.135705259651852,0.16198712218543,0.066721,0.085924,-0.02445
2013-05-01,3,0.089258551727786,0.155981365430464,0.066721,0.085924,-0.02445
2013-05-01,4,0.0865098072358738,0.142377248609272,0.066721,0.085924,-0.02445
2013-05-01,5,0.0364343077161829,0.103427490774336,0.066721,0.085924,-0.02445
2013-06-01,1,-0.104016459630691,-0.136098432227171,-0.131533,-0.031444,0.005234
2013-06-01,2,-0.152634458180591,-0.158736654075724,-0.131533,-0.031444,0.005234
2013-06-01,3,-0.181842669917685,-0.1618095121875,-0.131533,-0.031444,0.005234
2013-06-01,4,-0.164924907177644,-0.163775257767857,-0.131533,-0.031444,0.005234
2013-06-01,5,-0.11494194857279,-0.16571321390625,-0.131533,-0.031444,0.005234
2013-07-01,1,0.0539319613314983,0.0856985591139241,0.021741,0.056317,0.002365
2013-07-01,2,0.0562302193430053,0.0793814348945148,0.021741,0.056317,0.002365
2013-07-01,3,0.0554996421774851,0.0824729484143763,0.021741,0.056317,0.002365
2013-07-01,4,0.024794697319157,0.0670591291331924,0.021741,0.056317,0.002365
2013-07-01,5,0.00730200697971871,0.0335703709090909,0.021741,0.056317,0.002365
2013-08-01,1,0.032695902825678,0.0577850403773585,0.046075,0.054838,0.000369
2013-08-01,2,0.0518513878268803,0.0662834140041929,0.046075,0.054838,0.000369
2013-08-01,3,0.0610444838325811,0.0780580617400419,0.046075,0.054838,0.000369
2013-08-01,4,0.0919936617754949,0.103978627945493,0.046075,0.054838,0.000369
2013-08-01,5,0.0438422768840215,0.114406770252101,0.046075,0.054838,0.000369
2013-09-01,1,0.060830341928959,0.0601281040756303,0.037128,0.012936,0.033868
2013-09-01,2,0.05353751509913,0.0669961689495798,0.037128,0.012936,0.033868
2013-09-01,3,0.0614535627723663,0.0612344318907563,0.037128,0.012936,0.033868
2013-09-01,4,0.0417103710184017,0.0557404038235294,0.037128,0.012936,0.033868
2013-09-01,5,0.0272342802977572,0.0344182198319328,0.037128,0.012936,0.033868
2013-10-01,1,-0.0771784399434378,-0.0520343454393305,-0.019442,-0.006769,0.020912
2013-10-01,2,-0.0354838635560671,-0.0340357794769874,-0.019442,-0.006769,0.020912
2013-10-01,3,-0.0339970398955982,-0.0263954841422594,-0.019442,-0.006769,0.020912
2013-10-01,4,-0.0174637111898895,-0.00840965670859538,-0.019442,-0.006769,0.020912
2013-10-01,5,0.00475594864612912,-0.00156521949685534,-0.019442,-0.006769,0.020912
2013-11-01,1,0.0574251698654081,0.0761838804192872,0.039787,0.04946,0.005128
2013-11-01,2,0.0710791404005624,0.10089801870021,0.039787,0.04946,0.005128
2013-11-01,3,0.0618158077715162,0.102245155714286,0.039787,0.04946,0.005128
2013-11-01,4,0.0591508513369683,0.0966499023109244,0.039787,0.04946,0.005128
2013-11-01,5,0.0251185110618913,0.058882883907563,0.039787,0.04946,0.005128
2013-12-01,1,-0.0357070490703623,-0.0444776123430962,-0.044658,0.004935,0.003458
2013-12-01,2,-0.0425249695004772,-0.0407401937106918,-0.044658,0.004935,0.003458
2013-12-01,3,-0.0276346401166938,-0.0308206582809224,-0.044658,0.004935,0.003458
2013-12-01,4,-0.0275672153841284,-0.0155408432914046,-0.044658,0.004935,0.003458
2013-12-01,5,-0.0506639926676664,-0.0349321288259958,-0.044658,0.004935,0.003458
2014-01-01,1,0.0279476288942234,0.0567030832983193,-0.030501,0.066744,0.019175
2014-01-01,2,0.0246484760388233,0.0535577113865546,-0.030501,0.066744,0.019175
2014-01-01,3,-0.010108102937639,0.0286607905882353,-0.030501,0.066744,0.019175
2014-01-01,4,-0.0359139791807408,0.00731028413865546,-0.030501,0.066744,0.019175
2014-01-01,5,-0.0514779886108637,-0.042423201512605,-0.030501,0.066744,0.019175
2014-02-01,1,-0.0154945632801293,0.0127150686864407,0.008693,0.036369,0.003771
2014-02-01,2,0.0235432714303084,0.0326175751271186,0.008693,0.036369,0.003771
2014-02-01,3,0.0248932939850159,0.0451349999576271,0.008693,0.036369,0.003771
2014-02-01,4,0.0178718078273855,0.0496993027330508,0.008693,0.036369,0.003771
2014-02-01,5,0.0120860352441864,0.0325334234957627,0.008693,0.036369,0.003771
2014-03-01,1,-0.0720648598530731,-0.0609588121186441,-0.019003,-0.007872,0.00388
2014-03-01,2,-0.0567170242066311,-0.0498332909322034,-0.019003,-0.007872,0.00388
2014-03-01,3,-0.0321397802812919,-0.0195380077118644,-0.019003,-0.007872,0.00388
2014-03-01,4,-0.0215382077446551,-0.00817831889830508,-0.019003,-0.007872,0.00388
2014-03-01,5,0.00783937690623679,0.0134539665392781,-0.019003,-0.007872,0.00388
2014-04-01,1,-0.00799719544273651,-0.0172628728907923,-0.008659,-0.013465,-0.001654
2014-04-01,2,-0.0167731155364309,-0.0104658059957174,-0.008659,-0.013465,-0.001654
2014-04-01,3,-0.0159227871651585,-0.01250967875803,-0.008659,-0.013465,-0.001654
2014-04-01,4,-0.0126539940039296,-0.0149546223982869,-0.008659,-0.013465,-0.001654
2014-04-01,5,0.00101501738820693,-0.00893623605995718,-0.008659,-0.013465,-0.001654
2014-05-01,1,0.00715558261577535,0.029650064989154,0.012042,0.018032,0.002148
2014-05-01,2,0.0252829231939797,0.0413283237310195,0.012042,0.018032,0.002148
2014-05-01,3,0.0128879334027701,0.0291366504989154,0.012042,0.018032,0.002148
2014-05-01,4,0.0138624332169979,0.0233828476355748,0.012042,0.018032,0.002148
2014-05-01,5,0.0125234448483348,0.016009145856833,0.012042,0.018032,0.002148
2014-06-01,1,0.0388117642284465,0.0565952948491379,0.022425,0.033129,-0.000558
2014-06-01,2,0.0355757624390966,0.0591999194612069,0.022425,0.033129,-0.000558
2014-06-01,3,0.0308241974505777,0.0496265010991379,0.022425,0.033129,-0.000558
2014-06-01,4,0.0292080465018998,0.0481314976025918,0.022425,0.033129,-0.000558
2014-06-01,5,0.0161442159991043,0.019126660950324,0.022425,0.033129,-0.000558
2014-07-01,1,0.0232383584956649,0.0355713717094017,0.084584,-0.000124,0.01633
2014-07-01,2,0.0762010026239531,0.0634106071794872,0.084584,-0.000124,0.01633
2014-07-01,3,0.0761530893363623,0.0812833361027837,0.084584,-0.000124,0.01633
2014-07-01,4,0.096340827562298,0.0957507280513919,0.084584,-0.000124,0.01633
2014-07-01,5,0.0990890279664355,0.120436097216274,0.084584,-0.000124,0.01633
2014-08-01,1,0.0423943149488484,0.0653643346895074,0.008793,0.062476,-0.028451
2014-08-01,2,0.0490773891574629,0.0709182182403433,0.008793,0.062476,-0.028451
2014-08-01,3,0.0445103386265875,0.0705962748927037,0.008793,0.062476,-0.028451
2014-08-01,4,0.0294205479924973,0.0628589079399141,0.008793,0.062476,-0.028451
2014-08-01,5,-0.00768040608745647,0.0340127957081545,0.008793,0.062476,-0.028451
2014-09-01,1,0.0913702828076746,0.123117337765957,0.069261,0.105106,-0.021968
2014-09-01,2,0.0879283810368573,0.142939556929638,0.069261,0.105106,-0.021968
2014-09-01,3,0.134943316468182,0.160932006183369,0.069261,0.105106,-0.021968
2014-09-01,4,0.112270827763053,0.150475426759062,0.069261,0.105106,-0.021968
2014-09-01,5,0.0520325313291515,0.13792029424307,0.069261,0.105106,-0.021968
2014-10-01,1,0.00432287098077174,0.00366319219088937,0.020591,0.001645,0.013511
2014-10-01,2,-0.00314914540456061,0.00829780321041215,0.020591,0.001645,0.013511
2014-10-01,3,0.00731653752631504,0.0148619428199566,0.020591,0.001645,0.013511
2014-10-01,4,0.017814908993482,0.0191619724347826,0.020591,0.001645,0.013511
2014-10-01,5,0.0359733338952705,0.0384756934782609,0.020591,0.001645,0.013511
2014-11-01,1,0.0215427787635216,0.037334113275488,0.098566,-0.039928,0.048573
2014-11-01,2,0.0421901882326143,0.0486400593926247,0.098566,-0.039928,0.048573
2014-11-01,3,0.0767867451123611,0.0528063821258134,0.098566,-0.039928,0.048573
2014-11-01,4,0.0895098424150959,0.0690268544034707,0.098566,-0.039928,0.048573
2014-11-01,5,0.125745450630941,0.094754444173913,0.098566,-0.039928,0.048573
2014-12-01,1,-0.0582188965092552,-0.0953453752145923,0.175011,-0.235821,0.160514
2014-12-01,2,0.0133097339825614,-0.0787482560085837,0.175011,-0.235821,0.160514
2014-12-01,3,0.0497343246599841,-0.0589068644849785,0.175011,-0.235821,0.160514
2014-12-01,4,0.153535624436628,-0.0124436153862661,0.175011,-0.235821,0.160514
2014-12-01,5,0.253216780969451,0.109466820793991,0.175011,-0.235821,0.160514
2015-01-01,1,0.0559430507302503,0.10226099012766,-0.000999,0.053081,-0.082967
2015-01-01,2,0.039266525366066,0.101171659361702,-0.000999,0.053081,-0.082967
2015-01-01,3,0.0505426636097981,0.0845871431982942,-0.000999,0.053081,-0.082967
2015-01-01,4,0.0384419632487383,0.0709988913432836,-0.000999,0.053081,-0.082967
2015-01-01,5,-0.031636195747389,0.0239161736886994,-0.000999,0.053081,-0.082967
2015-02-01,1,0.100937177783828,0.106829033965517,0.035981,0.040995,-0.047363
2015-02-01,2,0.0852701720886748,0.0923273287931035,0.035981,0.040995,-0.047363
2015-02-01,3,0.0671341332495597,0.0817757808207343,0.035981,0.040995,-0.047363
2015-02-01,4,0.0467436830565356,0.0702962063930886,0.035981,0.040995,-0.047363
2015-02-01,5,0.0109794897202084,0.0483615331317495,0.035981,0.040995,-0.047363
2015-03-01,1,0.200401252637511,0.242016518672377,0.140377,0.110663,-0.041369
2015-03-01,2,0.181730628040532,0.241058066809422,0.140377,0.110663,-0.041369
2015-03-01,3,0.162982498294984,0.252150671777302,0.140377,0.110663,-0.041369
2015-03-01,4,0.170685474129196,0.225835847751606,0.140377,0.110663,-0.041369
2015-03-01,5,0.119844361653466,0.207993840428266,0.140377,0.110663,-0.041369
2015-04-01,1,0.157617824138412,0.169182763504273,0.17483,0.035604,-0.000342
2015-04-01,2,0.138439407548586,0.165909156495726,0.17483,0.035604,-0.000342
2015-04-01,3,0.137975166925461,0.168552973618844,0.17483,0.035604,-0.000342
2015-04-01,4,0.194699596619037,0.200544784154176,0.17483,0.035604,-0.000342
2015-04-01,5,0.19275836896323,0.208631279057816,0.17483,0.035604,-0.000342
2015-05-01,1,0.256001683156631,0.319096681277056,0.060699,0.241195,-0.147871
2015-05-01,2,0.1771763766844,0.302721046190476,0.060699,0.241195,-0.147871
2015-05-01,3,0.175669420242003,0.280720873290043,0.060699,0.241195,-0.147871
2015-05-01,4,0.0810686728221039,0.243515281731602,0.060699,0.241195,-0.147871
2015-05-01,5,-0.024482460800659,0.158942429199134,0.060699,0.241195,-0.147871
2015-06-01,1,-0.185452049437655,-0.169673867964989,-0.075882,-0.048287,0.087548
2015-06-01,2,-0.147303489090356,-0.135421666105033,-0.075882,-0.048287,0.087548
2015-06-01,3,-0.132199433125731,-0.104788112149123,-0.075882,-0.048287,0.087548
2015-06-01,4,-0.097101154485057,-0.0626277456798246,-0.075882,-0.048287,0.087548
2015-06-01,5,0.00986410829860566,0.00948668114035089,-0.075882,-0.048287,0.087548
2015-07-01,1,-0.177531867599888,-0.192756917342342,-0.146423,-0.059526,0.028091
2015-07-01,2,-0.163407620850088,-0.189411551918736,-0.146423,-0.059526,0.028091
2015-07-01,3,-0.171386455247698,-0.196185681828442,-0.146423,-0.059526,0.028091
2015-07-01,4,-0.175031800791075,-0.187416131828442,-0.146423,-0.059526,0.028091
2015-07-01,5,-0.127672005022975,-0.185879178781038,-0.146423,-0.059526,0.028091
2015-08-01,1,-0.206776571392675,-0.182288870137615,-0.147703,0.005223,0.010289
2015-08-01,2,-0.162370065931079,-0.160129523623853,-0.147703,0.005223,0.010289
2015-08-01,3,-0.139043602237061,-0.147780728876147,-0.147703,0.005223,0.010289
2015-08-01,4,-0.123950481321215,-0.11852463708046,-0.147703,0.005223,0.010289
2015-08-01,5,-0.122546285123023,-0.109196296229885,-0.147703,0.005223,0.010289
2015-09-01,1,-0.0474769928757439,-0.0359411303424657,-0.050083,0.013907,-0.007356
2015-09-01,2,-0.071026199670319,-0.0405760355022831,-0.050083,0.013907,-0.007356
2015-09-01,3,-0.0730497281038392,-0.0434053526027397,-0.050083,0.013907,-0.007356
2015-09-01,4,-0.0612374601291731,-0.0394067742237443,-0.050083,0.013907,-0.007356
2015-09-01,5,-0.0406049737865939,-0.0561801626255708,-0.050083,0.013907,-0.007356
2015-10-01,1,0.178393566792164,0.226741945333333,0.130972,0.108769,-0.085249
2015-10-01,2,0.190015016403222,0.2455973112,0.130972,0.108769,-0.085249
2015-10-01,3,0.184559897210586,0.238028671733333,0.130972,0.108769,-0.085249
2015-10-01,4,0.179858432745409,0.241466922222222,0.130972,0.108769,-0.085249
2015-10-01,5,0.0863626070979516,0.17077592596882,0.130972,0.108769,-0.085249
2015-11-01,1,0.0661262643005441,0.123729518025751,0.032864,0.115679,-0.029977
2015-11-01,2,0.061208394666792,0.126002645321888,0.032864,0.115679,-0.029977
2015-11-01,3,0.0519720552844569,0.116204322575107,0.032864,0.115679,-0.029977
2015-11-01,4,0.0431141868075616,0.102478367639485,0.032864,0.115679,-0.029977
2015-11-01,5,0.0134612722253098,0.0571534024946237,0.032864,0.115679,-0.029977
2015-12-01,1,0.0302504625647925,0.0516251288796681,0.032649,0.071379,-0.030819
2015-12-01,2,0.0367051678728469,0.0697387621576764,0.032649,0.071379,-0.030819
2015-12-01,3,0.0501595084355713,0.086974408713693,0.032649,0.071379,-0.030819
2015-12-01,4,0.0487054156716503,0.0843590160995851,0.032649,0.071379,-0.030819
2015-12-01,5,0.0376148814586514,0.0825374256964657,0.032649,0.071379,-0.030819
2016-01-01,1,-0.3125536186271,-0.313799486577869,-0.242882,-0.06559,0.057358
2016-01-01,2,-0.300534538071634,-0.311194457802875,-0.242882,-0.06559,0.057358
2016-01-01,3,-0.286637054724004,-0.309344535318275,-0.242882,-0.06559,0.057358
2016-01-01,4,-0.285357651281148,-0.299357654106776,-0.242882,-0.06559,0.057358
2016-01-01,5,-0.194638597536233,-0.25799389650924,-0.242882,-0.06559,0.057358
2016-02-01,1,-0.0486557283320896,-0.0420743366255144,-0.026787,-7e-04,0.015814
2016-02-01,2,-0.0237990863106112,-0.0267746255144033,-0.026787,-7e-04,0.015814
2016-02-01,3,-0.0414622028663811,-0.0227543098765432,-0.026787,-7e-04,0.015814
2016-02-01,4,-0.0218999532952164,-0.0142947525773196,-0.026787,-7e-04,0.015814
2016-02-01,5,-0.00826881440014895,0.00646708237113402,-0.026787,-7e-04,0.015814
2016-03-01,1,0.175954455833593,0.198209349306122,0.134475,0.064168,-0.061516
2016-03-01,2,0.180739689294504,0.209543018938775,0.134475,0.064168,-0.061516
2016-03-01,3,0.17909277299758,0.20918738601227,0.134475,0.064168,-0.061516
2016-03-01,4,0.182181024178228,0.195987651288344,0.134475,0.064168,-0.061516
2016-03-01,5,0.0987702461542815,0.151229223558282,0.134475,0.064168,-0.061516
2016-04-01,1,-0.0376878695381327,-0.0194714135802469,-0.021624,0.034053,0.001921
2016-04-01,2,-0.0207411721250402,-0.00728485572016462,-0.021624,0.034053,0.001921
2016-04-01,3,-0.0222542673626974,4.8065925925923e-05,-0.021624,0.034053,0.001921
2016-04-01,4,-0.0193905834345242,0.00197550510288065,-0.021624,0.034053,0.001921
2016-04-01,5,-0.0141922952126299,-0.00156783018556701,-0.021624,0.034053,0.001921
2016-05-01,1,-0.0168365423538422,-0.0193898811983471,-0.00257,-0.030433,0.003401
2016-05-01,2,0.00116813294259526,-0.0150624040909091,-0.00257,-0.030433,0.003401
2016-05-01,3,-0.00116796572294222,-0.0117552538223141,-0.00257,-0.030433,0.003401
2016-05-01,4,-0.00304294187606279,-0.0133330630227743,-0.00257,-0.030433,0.003401
2016-05-01,5,-0.00417078598291391,-0.0274251674534161,-0.00257,-0.030433,0.003401
2016-06-01,1,0.044963100792994,0.0611087542268041,0.021352,0.050193,-0.012338
2016-06-01,2,0.0547525290144405,0.0714765066115703,0.021352,0.050193,-0.012338
2016-06-01,3,0.0473579200392557,0.0707909276859504,0.021352,0.050193,-0.012338
2016-06-01,4,0.0315022406507705,0.0528308157024793,0.021352,0.050193,-0.012338
2016-06-01,5,-0.00134952165907038,0.0224906884297521,0.021352,0.050193,-0.012338
2016-07-01,1,-0.045977913565239,-0.0481326124084778,0.014646,-0.026198,0.038034
2016-07-01,2,-0.00743198479412541,-0.0283684348747592,0.014646,-0.026198,0.038034
2016-07-01,3,0.00956770871881223,-0.000414502813102122,0.014646,-0.026198,0.038034
2016-07-01,4,0.0244431038779528,0.0131866184971098,0.014646,-0.026198,0.038034
2016-07-01,5,0.0311714116043311,0.0366974378805395,0.014646,-0.026198,0.038034
2016-08-01,1,0.029500325998942,0.0385382367049808,0.040394,0.022813,0.007255
2016-08-01,2,0.0260967714761144,0.0458234273563218,0.040394,0.022813,0.007255
2016-08-01,3,0.0429732597462599,0.0564579730268199,0.040394,0.022813,0.007255
2016-08-01,4,0.0387504650482097,0.0481976135632184,0.040394,0.022813,0.007255
2016-08-01,5,0.0468152678391495,0.0563574561228407,0.040394,0.022813,0.007255
2016-09-01,1,-0.0263833537429912,-0.0164201448761905,-0.021195,0.02897,-0.001498
2016-09-01,2,-0.0164577092134337,-0.00176389714285714,-0.021195,0.02897,-0.001498
2016-09-01,3,-0.0209223598448627,-0.0068668488952381,-0.021195,0.02897,-0.001498
2016-09-01,4,-0.017346764217987,-0.00399237186666667,-0.021195,0.02897,-0.001498
2016-09-01,5,-0.0181033499529934,-0.00031521822519084,-0.021195,0.02897,-0.001498
2016-10-01,1,0.0226492041835746,0.0361040383969466,0.027528,0.017844,0.005547
2016-10-01,2,0.0316450114673524,0.0396964728244275,0.027528,0.017844,0.005547
2016-10-01,3,0.0250152466645151,0.0327308820992366,0.027528,0.017844,0.005547
2016-10-01,4,0.031204932400041,0.0351234356787763,0.027528,0.017844,0.005547
2016-10-01,5,0.0290316828834533,0.0369527461376673,0.027528,0.017844,0.005547
2016-11-01,1,0.00714349657087013,0.0165690620037807,0.042718,-0.007053,0.024051
2016-11-01,2,0.00582117090515546,0.0212507804914934,0.042718,-0.007053,0.024051
2016-11-01,3,0.0184368872356264,0.0228934003024575,0.042718,-0.007053,0.024051
2016-11-01,4,0.0301148434507689,0.02704406268431,0.042718,-0.007053,0.024051
2016-11-01,5,0.0659881011765224,0.052713644536862,0.042718,-0.007053,0.024051
2016-12-01,1,-0.067172091478598,-0.0683314220186916,-0.048612,0.017795,0.019535
2016-12-01,2,-0.048232654091273,-0.0545768697196262,-0.048612,0.017795,0.019535
2016-12-01,3,-0.0483069799097491,-0.0441025500934579,-0.048612,0.017795,0.019535
2016-12-01,4,-0.0546527407998123,-0.0400065019252336,-0.048612,0.017795,0.019535
2016-12-01,5,-0.0418561224158833,-0.0290866854868914,-0.048612,0.017795,0.019535
2017-01-01,1,-0.0397770438373901,-0.0484167746254682,0.013269,-0.043772,0.036601
2017-01-01,2,-0.0203099559768917,-0.0367485130393996,0.013269,-0.043772,0.036601
2017-01-01,3,-0.0153923919508912,-0.0293766695121951,0.013269,-0.043772,0.036601
2017-01-01,4,-0.00365534669618943,-0.0182540001876173,0.013269,-0.043772,0.036601
2017-01-01,5,0.0398397788920736,0.0141684379924953,0.013269,-0.043772,0.036601
2017-02-01,1,0.0212318379293465,0.0316198131826742,0.025025,0.016225,-0.000236
2017-02-01,2,0.0374673142781506,0.0384841615819209,0.025025,0.016225,-0.000236
2017-02-01,3,0.0329069923541613,0.0406641120150659,0.025025,0.016225,-0.000236
2017-02-01,4,0.0402011331510352,0.0398143815065913,0.025025,0.016225,-0.000236
2017-02-01,5,0.0167141491240401,0.0450263726037736,0.025025,0.016225,-0.000236
2017-03-01,1,-0.00954244107090237,-0.0273356531332083,-0.005893,-0.02128,0.015728
2017-03-01,2,0.00179318582218224,-0.0241412387242026,-0.005893,-0.02128,0.015728
2017-03-01,3,-0.000678636363870038,-0.0180110493058161,-0.005893,-0.02128,0.015728
2017-03-01,4,-0.0137669244086232,-0.0258484415009381,-0.005893,-0.02128,0.015728
2017-03-01,5,-0.00683659858849714,-0.014975319249531,-0.005893,-0.02128,0.015728
2017-04-01,1,-0.0252959914513624,-0.0719371243796992,-0.021697,-0.049217,0.034233
2017-04-01,2,-0.0528804294733879,-0.0721184405451128,-0.021697,-0.049217,0.034233
2017-04-01,3,-0.0312214808539313,-0.0638303776879699,-0.021697,-0.049217,0.034233
2017-04-01,4,-0.0404471094935527,-0.0550923236911488,-0.021697,-0.049217,0.034233
2017-04-01,5,-0.0106136478650364,-0.0365532091902072,-0.021697,-0.049217,0.034233
2017-05-01,1,-0.0416539869097082,-0.0835083816730038,-0.011073,-0.066208,0.052539
2017-05-01,2,-0.0575270491127156,-0.0764880190874525,-0.011073,-0.066208,0.052539
2017-05-01,3,-0.0441381574194772,-0.0713941183269962,-0.011073,-0.066208,0.052539
2017-05-01,4,-0.0494181710981989,-0.072664836730038,-0.011073,-0.066208,0.052539
2017-05-01,5,0.0149429989111123,-0.0575482087619048,-0.011073,-0.066208,0.052539
2017-06-01,1,0.0577543048122344,0.0326460182857143,0.038463,-0.010485,-0.013642
2017-06-01,2,0.0567197599596453,0.0405213797709924,0.038463,-0.010485,-0.013642
2017-06-01,3,0.0690565918814677,0.0478069458015267,0.038463,-0.010485,-0.013642
2017-06-01,4,0.0302029440819445,0.039775586259542,0.038463,-0.010485,-0.013642
2017-06-01,5,0.0318006570033479,0.048029736259542,0.038463,-0.010485,-0.013642
2017-07-01,1,-0.019581351906447,-0.0367291367717996,0.032976,-0.03424,0.046385
2017-07-01,2,-0.0111300653710697,-0.0180671245269017,0.032976,-0.03424,0.046385
2017-07-01,3,0.00183963416230786,-0.00679358018552876,0.032976,-0.03424,0.046385
2017-07-01,4,0.0351302906054931,0.0165507588847584,0.032976,-0.03424,0.046385
2017-07-01,5,0.0600090860069544,0.0519132223791822,0.032976,-0.03424,0.046385
2017-08-01,1,0.0326078828624018,0.0356357679411765,0.028265,0.003579,-0.011616
2017-08-01,2,0.0396522246527664,0.0427319959558823,0.028265,0.003579,-0.011616
2017-08-01,3,0.0190297707793943,0.0328586234558823,0.028265,0.003579,-0.011616
2017-08-01,4,0.0262271125207527,0.0322618900735294,0.028265,0.003579,-0.011616
2017-08-01,5,0.0221471304809132,0.0223439986029412,0.028265,0.003579,-0.011616
2017-09-01,1,0.0299091573171986,0.020900025,0.004843,0.002243,-0.024569
2017-09-01,2,0.0363099000166147,0.0227971791741472,0.004843,0.002243,-0.024569
2017-09-01,3,0.00961426888505667,0.0135139509874327,0.004843,0.002243,-0.024569
2017-09-01,4,0.00223640152979769,0.0135865754937163,0.004843,0.002243,-0.024569
2017-09-01,5,-0.00553260125312814,0.00208582728904847,0.004843,0.002243,-0.024569
2017-10-01,1,0.0424627260396166,-0.0129559406761566,0.014869,-0.059352,-0.01003
2017-10-01,2,0.00884834652699703,-0.0248094095907473,0.014869,-0.059352,-0.01003
2017-10-01,3,0.00089159017475837,-0.0260514575088968,0.014869,-0.059352,-0.01003
2017-10-01,4,0.00061131867610115,-0.0257395262388592,0.014869,-0.059352,-0.01003
2017-10-01,5,0.0116804985790774,-0.0208534018003565,0.014869,-0.059352,-0.01003
2017-11-01,1,-0.0483588856331449,-0.0737915736363636,-0.023016,-0.050785,0.033737
2017-11-01,2,-0.0469486101352906,-0.0713025725174825,-0.023016,-0.050785,0.033737
2017-11-01,3,-0.0560267843885056,-0.0712426337062937,-0.023016,-0.050785,0.033737
2017-11-01,4,-0.0370181063403828,-0.0657116952797203,-0.023016,-0.050785,0.033737
2017-11-01,5,0.000555941431514011,-0.0461867774825175,-0.023016,-0.050785,0.033737
2017-12-01,1,0.0293209499307062,-0.0197851880829016,0.003557,-0.030284,-0.005591
2017-12-01,2,0.00655817007777418,-0.0153388041522491,0.003557,-0.030284,-0.005591
2017-12-01,3,-0.0133978723671043,-0.0187605468858132,0.003557,-0.030284,-0.005591
2017-12-01,4,-0.00768943006226958,-0.0195459676470588,0.003557,-0.030284,-0.005591
2017-12-01,5,-0.00541782921598239,-0.0176657252595156,0.003557,-0.030284,-0.005591
2018-01-01,1,0.000493254604223234,-0.0496102767687075,0.050313,-0.078602,0.072143
2018-01-01,2,-0.00338792390535425,-0.0462785761904762,0.050313,-0.078602,0.072143
2018-01-01,3,-0.0166966292904063,-0.0332867739115646,0.050313,-0.078602,0.072143
2018-01-01,4,0.00753814835361573,-0.0234470971768708,0.050313,-0.078602,0.072143
2018-01-01,5,0.0940860184226491,0.00842514776831346,0.050313,-0.078602,0.072143
2018-02-01,1,-0.0271696361874096,-0.0388305995585739,-0.062528,0.000824,-0.019696
2018-02-01,2,-0.0314285796882964,-0.0430011338879457,-0.062528,0.000824,-0.019696
2018-02-01,3,-0.037922741293669,-0.0442005012414966,-0.062528,0.000824,-0.019696
2018-02-01,4,-0.0694059202361356,-0.0502944629251701,-0.062528,0.000824,-0.019696
2018-02-01,5,-0.0759732086712983,-0.0627805154251701,-0.062528,0.000824,-0.019696
2018-03-01,1,0.0144733212489888,0.0611561101369863,-0.020946,0.064809,-0.060282
2018-03-01,2,0.0156369709241128,0.0602741983561644,-0.020946,0.064809,-0.060282
2018-03-01,3,0.01499952970571,0.0500336688850772,-0.020946,0.064809,-0.060282
2018-03-01,4,-0.0233145205553072,0.0340966198284734,-0.020946,0.064809,-0.060282
2018-03-01,5,-0.0437509701553836,0.0108864671012007,-0.020946,0.064809,-0.060282
2018-04-01,1,-0.0302503962865444,-0.0371918422641509,-0.033943,-0.008427,0.013613
2018-04-01,2,-0.0455203333648232,-0.039476421406518,-0.033943,-0.008427,0.013613
2018-04-01,3,-0.046374562556931,-0.0456066622984563,-0.033943,-0.008427,0.013613
2018-04-01,4,-0.0504391125411255,-0.0470305565635739,-0.033943,-0.008427,0.013613
2018-04-01,5,-0.0190351031754229,-0.0462677045360825,-0.033943,-0.008427,0.013613
2018-05-01,1,0.0507436544786169,-0.00937759216216217,-0.002066,-0.024508,-0.006803
2018-05-01,2,0.0160347874809309,-0.00572231408783785,-0.002066,-0.024508,-0.006803
2018-05-01,3,-0.00445524385817389,-0.0152709792567568,-0.002066,-0.024508,-0.006803
2018-05-01,4,-0.0210324031375779,-0.0215393580541455,-0.002066,-0.024508,-0.006803
2018-05-01,5,-0.0135627275321222,-0.0199750425888325,-0.002066,-0.024508,-0.006803
2018-06-01,1,-0.0634162837037002,-0.0998118026936027,-0.078721,-0.035323,0.030075
2018-06-01,2,-0.103100740126505,-0.125713387689713,-0.078721,-0.035323,0.030075
2018-06-01,3,-0.0981731831281418,-0.11969357925801,-0.078721,-0.035323,0.030075
2018-06-01,4,-0.0849090395224796,-0.113410092411467,-0.078721,-0.035323,0.030075
2018-06-01,5,-0.0671154231307365,-0.0981292504215852,-0.078721,-0.035323,0.030075
2018-07-01,1,-0.0299201814957391,-0.0354833878830964,0.017369,-0.0157,0.029683
2018-07-01,2,-0.0145966072312323,-0.00598021053712481,0.017369,-0.0157,0.029683
2018-07-01,3,0.00495519434789744,0.00867608341232227,0.017369,-0.0157,0.029683
2018-07-01,4,0.0156207657231862,0.0153624428436019,0.017369,-0.0157,0.029683
2018-07-01,5,0.0438386933129326,0.0275122047468354,0.017369,-0.0157,0.029683
2018-08-01,1,-0.0869980681329151,-0.0872886801232666,-0.053599,-0.025361,0.024763
2018-08-01,2,-0.0885653021224934,-0.0938727453703704,-0.053599,-0.025361,0.024763
2018-08-01,3,-0.0825905913666644,-0.0842873435185185,-0.053599,-0.025361,0.024763
2018-08-01,4,-0.0482478184258138,-0.0744973595679012,-0.053599,-0.025361,0.024763
2018-08-01,5,-0.0276181307453023,-0.0609904929012346,-0.053599,-0.025361,0.024763
2018-09-01,1,0.0108755361726345,-0.0259847821482602,0.02942,-0.041665,0.017119
2018-09-01,2,-0.00487215097338411,-0.0160056863636364,0.02942,-0.041665,0.017119
2018-09-01,3,-0.00310191944709985,-0.00436042424242424,0.02942,-0.041665,0.017119
2018-09-01,4,0.0304404395338357,0.00363259696969697,0.02942,-0.041665,0.017119
2018-09-01,5,0.0487400006960795,0.0148313,0.02942,-0.041665,0.017119
2018-10-01,1,-0.161389110382366,-0.0993963428656716,-0.081456,-0.008407,0.053826
2018-10-01,2,-0.0989213672991319,-0.0927325959701493,-0.081456,-0.008407,0.053826
2018-10-01,3,-0.0963278916551631,-0.0954146115695067,-0.081456,-0.008407,0.053826
2018-10-01,4,-0.0814529709793377,-0.10014199955157,-0.081456,-0.008407,0.053826
2018-10-01,5,-0.0468916770065883,-0.0840548229895366,-0.081456,-0.008407,0.053826
2018-11-01,1,0.0326807328841118,0.0398748754772394,0.001306,0.065215,-0.048491
2018-11-01,2,0.0274720414776384,0.0528919974155653,0.001306,0.065215,-0.048491
2018-11-01,3,0.021722647949004,0.0644291578267254,0.001306,0.065215,-0.048491
2018-11-01,4,0.0219205240076734,0.0647079565932452,0.001306,0.065215,-0.048491
2018-11-01,5,-0.0159501316100307,0.0608676191483113,0.001306,0.065215,-0.048491
2018-12-01,1,-0.0365223378921835,-0.0333607544912791,-0.04417,0.001811,0.006282
2018-12-01,2,-0.0398101135832393,-0.0406477204505814,-0.04417,0.001811,0.006282
2018-12-01,3,-0.0479465096325941,-0.0439651620203488,-0.04417,0.001811,0.006282
2018-12-01,4,-0.0563764985074117,-0.047169019650655,-0.04417,0.001811,0.006282
2018-12-01,5,-0.0354214293836063,-0.0507011079621543,-0.04417,0.001811,0.006282
2019-01-01,1,0.0349296604536154,-0.0411119289404935,0.036757,-0.071486,0.014328
2019-01-01,2,0.0279715692331102,-0.0272966687373004,0.036757,-0.071486,0.014328
2019-01-01,3,-0.00474849724700581,-0.0241296341364296,0.036757,-0.071486,0.014328
2019-01-01,4,0.0483092276838746,-0.0119005961683599,0.036757,-0.071486,0.014328
2019-01-01,5,0.0360589826528648,-0.00295461468795356,0.036757,-0.071486,0.014328
2019-02-01,1,0.173444880564107,0.216324982575977,0.144879,0.078433,-0.087294
2019-02-01,2,0.17348178680537,0.216321276758321,0.144879,0.078433,-0.087294
2019-02-01,3,0.187160034224098,0.222244956931983,0.144879,0.078433,-0.087294
2019-02-01,4,0.186758487570209,0.233402850622287,0.144879,0.078433,-0.087294
2019-02-01,5,0.113176898921768,0.224188418929088,0.144879,0.078433,-0.087294
2019-03-01,1,0.107743142114664,0.102901974971098,0.056444,0.058919,-0.050474
2019-03-01,2,0.0944241802245052,0.109495206358382,0.056444,0.058919,-0.050474
2019-03-01,3,0.0843396656136139,0.10783272804631,0.056444,0.058919,-0.050474
2019-03-01,4,0.0800284140228696,0.108115542807525,0.056444,0.058919,-0.050474
2019-03-01,5,0.0188165465169494,0.0971298630390738,0.056444,0.058919,-0.050474
2019-04-01,1,-0.00244316106471749,-0.0501191160115607,-0.003953,-0.037047,0.007371
2019-04-01,2,-0.018988562353097,-0.046328722716763,-0.003953,-0.037047,0.007371
2019-04-01,3,-0.0363914745757278,-0.0414337151374819,-0.003953,-0.037047,0.007371
2019-04-01,4,-0.00580744739098699,-0.03144387276411,-0.003953,-0.037047,0.007371
2019-04-01,5,-0.000579175930783147,-0.020368073748191,-0.003953,-0.037047,0.007371
2019-05-01,1,-0.0496574361939314,-0.0421727991316932,-0.061327,0.021057,0.007787
2019-05-01,2,-0.0533883546704385,-0.0416865550795948,-0.061327,0.021057,0.007787
2019-05-01,3,-0.0729232054111391,-0.0523530717800289,-0.061327,0.021057,0.007787
2019-05-01,4,-0.0613942990576564,-0.0516565315942029,-0.061327,0.021057,0.007787
2019-05-01,5,-0.0637720894618315,-0.0696623226666667,-0.061327,0.021057,0.007787
2019-06-01,1,0.0566272094484985,0.0123864139652677,0.036086,-0.043652,-0.003961
2019-06-01,2,0.014957100684821,0.00662306751085383,0.036086,-0.043652,-0.003961
2019-06-01,3,0.0184763389812344,0.00379710593342981,0.036086,-0.043652,-0.003961
2019-06-01,4,0.0397972579920474,0.00418808096960925,0.036086,-0.043652,-0.003961
2019-06-01,5,0.0310041427923949,0.00874411507246376,0.036086,-0.043652,-0.003961
2019-07-01,1,0.0064682851615904,-0.00800770665714286,-0.002276,-0.025433,-0.003446
2019-07-01,2,0.00644942702939267,-0.0175114846142857,-0.002276,-0.025433,-0.003446
2019-07-01,3,-0.0136253334216048,-0.0237104265571429,-0.002276,-0.025433,-0.003446
2019-07-01,4,-0.00309081530288164,-0.0170933046857143,-0.002276,-0.025433,-0.003446
2019-07-01,5,-0.00517667023547499,-0.0214675873428571,-0.002276,-0.025433,-0.003446
2019-08-01,1,0.0712051460894348,0.0218438106134094,-0.014815,-0.001761,-0.051703
2019-08-01,2,0.00131434965882172,-0.00853375235378031,-0.014815,-0.001761,-0.051703
2019-08-01,3,-0.0285922085825273,-0.0214115853352354,-0.014815,-0.001761,-0.051703
2019-08-01,4,-0.0288111377478863,-0.0257032578031384,-0.014815,-0.001761,-0.051703
2019-08-01,5,-0.0448551980162792,-0.0316650503851641,-0.014815,-0.001761,-0.051703
2019-09-01,1,-0.00520655521546509,0.0140380172119488,0.005824,0.005405,0.004634
2019-09-01,2,0.0140342085462957,0.0246596223328592,0.005824,0.005405,0.004634
2019-09-01,3,0.00224400476330652,0.0162629236984353,0.005824,0.005405,0.004634
2019-09-01,4,0.0041291189718341,0.0125251839544808,0.005824,0.005405,0.004634
2019-09-01,5,0.014520066308221,0.00344667550497866,0.005824,0.005405,0.004634
2019-10-01,1,0.0223653256832173,-0.00220011938920455,0.013028,-0.021785,-0.006668
2019-10-01,2,0.00679966164916606,-0.000644943025568186,0.013028,-0.021785,-0.006668
2019-10-01,3,0.0221646265943978,-0.00380930498579546,0.013028,-0.021785,-0.006668
2019-10-01,4,-0.000552110176808088,-0.00343643893465909,0.013028,-0.021785,-0.006668
2019-10-01,5,0.0101359014853832,-0.00740110928977273,0.013028,-0.021785,-0.006668
2019-11-01,1,-0.0232238843855094,-0.0243886087110482,-0.017215,-0.011236,0.004461
2019-11-01,2,-0.00964434115464389,-0.030737820212766,-0.017215,-0.011236,0.004461
2019-11-01,3,-0.0180863023373261,-0.0232711578014184,-0.017215,-0.011236,0.004461
2019-11-01,4,-0.0120813843829022,-0.0203111418439716,-0.017215,-0.011236,0.004461
2019-11-01,5,-0.0131213231345253,-0.0092869329787234,-0.017215,-0.011236,0.004461
2019-12-01,1,0.0612615366176735,0.0782639992362093,0.064303,0.017542,-0.014569
2019-12-01,2,0.0822635273740509,0.0881862637623762,0.064303,0.017542,-0.014569
2019-12-01,3,0.0907714717150841,0.0871774636260623,0.064303,0.017542,-0.014569
2019-12-01,4,0.0859379541886809,0.0833093117280453,0.064303,0.017542,-0.014569
2019-12-01,5,0.0505344027836192,0.0695393590651558,0.064303,0.017542,-0.014569
2020-01-01,1,0.0240483437157713,0.0371256643847242,-0.015988,0.027171,-0.02109
2020-01-01,2,-0.00119124600253392,0.0136227571711457,-0.015988,0.027171,-0.02109
2020-01-01,3,-0.0199839978046454,-0.000932629363507786,-0.015988,0.027171,-0.02109
2020-01-01,4,-0.0244111592524337,-0.00662371161473089,-0.015988,0.027171,-0.02109
2020-01-01,5,-0.0372243947653849,-0.0279691369971671,-0.015988,0.027171,-0.02109
2020-02-01,1,0.0274004922851657,0.0229053688983051,-0.0163,0.024031,-0.023956
2020-02-01,2,0.0146971105632234,0.00615447330508475,-0.0163,0.024031,-0.023956
2020-02-01,3,-0.0171856857011154,-0.0117813364548023,-0.0163,0.024031,-0.023956
2020-02-01,4,-0.0320158723731067,-0.00919444705799151,-0.0163,0.024031,-0.023956
2020-02-01,5,-0.0377875249571859,-0.0211332905799151,-0.0163,0.024031,-0.023956
2020-03-01,1,-0.0588275791657907,-0.0757551354019746,-0.055659,0.017325,0.010522
2020-03-01,2,-0.0724834927331608,-0.047116534180791,-0.055659,0.017325,0.010522
2020-03-01,3,-0.0594341522411104,-0.0282627737288136,-0.055659,0.017325,0.010522
2020-03-01,4,-0.0692641762299437,-0.0250656016949153,-0.055659,0.017325,0.010522
2020-03-01,5,-0.0356023466095534,-0.0132773161016949,-0.055659,0.017325,0.010522
2020-04-01,1,0.094049046557479,0.0573991313559322,0.044063,-0.031743,-0.030396
2020-04-01,2,0.0602182191599327,0.032703581920904,0.044063,-0.031743,-0.030396
2020-04-01,3,0.0421511947542398,0.0132770506779661,0.044063,-0.031743,-0.030396
2020-04-01,4,0.0395598157993104,0.00778564265536723,0.044063,-0.031743,-0.030396
2020-04-01,5,0.00602812800936418,0.000457379236209332,0.044063,-0.031743,-0.030396
2020-05-01,1,0.037373815654034,0.0359083735219236,-0.001281,0.02521,-0.018735
2020-05-01,2,0.0148876117052694,0.0256984876379066,-0.001281,0.02521,-0.018735
2020-05-01,3,-0.0149037937443248,0.0158213044413013,-0.001281,0.02521,-0.018735
2020-05-01,4,-0.0166152656050427,0.0124283505382436,-0.001281,0.02521,-0.018735
2020-05-01,5,-0.0209411314127728,-0.00126916957507082,-0.001281,0.02521,-0.018735
2020-06-01,1,0.139100659205554,0.112338346822034,0.068181,0.007267,-0.049522
2020-06-01,2,0.0903644526714862,0.0819530162659123,0.068181,0.007267,-0.049522
2020-06-01,3,0.0574177707428344,0.0586620079207921,0.068181,0.007267,-0.049522
2020-06-01,4,0.0466891308744044,0.0488675554455446,0.068181,0.007267,-0.049522
2020-06-01,5,0.0216055267182554,0.0352031313295615,0.068181,0.007267,-0.049522
2020-07-01,1,0.153346448035571,0.109839021650485,0.124621,0.014625,-0.034173
2020-07-01,2,0.120261722079426,0.128886562718447,0.124621,0.014625,-0.034173
2020-07-01,3,0.160194211115386,0.148556553023578,0.124621,0.014625,-0.034173
2020-07-01,4,0.174070390117882,0.150771563134535,0.124621,0.014625,-0.034173
2020-07-01,5,0.0755148737378959,0.131732263069444,0.124621,0.014625,-0.034173
2020-08-01,1,0.0244048655335413,0.0186559694475138,0.026044,0.017228,-0.01215
2020-08-01,2,0.0199761772207753,0.0362211570027624,0.026044,0.017228,-0.01215
2020-08-01,3,0.046105764413863,0.0414055144889503,0.026044,0.017228,-0.01215
2020-08-01,4,0.0334234908931498,0.0448351975242047,0.026044,0.017228,-0.01215
2020-08-01,5,0.023033694897712,0.0352693924481328,0.026044,0.017228,-0.01215
2020-09-01,1,-0.0620088253462324,-0.0744928919283747,-0.053275,-0.022686,0.012814
2020-09-01,2,-0.0679385992712076,-0.0734343461432507,-0.053275,-0.022686,0.012814
2020-09-01,3,-0.0675632351290873,-0.0774064506336088,-0.053275,-0.022686,0.012814
2020-09-01,4,-0.061177320523481,-0.0660656081267218,-0.053275,-0.022686,0.012814
2020-09-01,5,-0.0374780158460903,-0.0555751014876033,-0.053275,-0.022686,0.012814
2020-10-01,1,0.0200027816757995,-0.001107750781893,0.010884,-0.007086,-0.00763
2020-10-01,2,0.00408693749473433,0.0150343220301783,0.010884,-0.007086,-0.00763
2020-10-01,3,0.0076501054895855,-0.00446490419753086,0.010884,-0.007086,-0.00763
2020-10-01,4,0.00446330051074562,-0.0045436683127572,0.010884,-0.007086,-0.00763
2020-10-01,5,0.00593720037569034,-0.00450640230769231,0.010884,-0.007086,-0.00763
2020-11-01,1,-0.0068689820172395,-0.0151775341496599,0.045682,-0.027907,0.046404
2020-11-01,2,0.0542436049984793,0.0111904666122449,0.045682,-0.027907,0.046404
2020-11-01,3,0.036806800987361,0.0249027138503401,0.045682,-0.027907,0.046404
2020-11-01,4,0.0678541730674733,0.0504213277823129,0.045682,-0.027907,0.046404
2020-11-01,5,0.0818073257488132,0.0693757951564626,0.045682,-0.027907,0.046404
2020-12-01,1,0.134428138178229,0.0157860692847503,0.019096,-0.05049,-0.051885
2020-12-01,2,0.0107842644901293,-0.0500313631039136,0.019096,-0.05049,-0.051885
2020-12-01,3,-0.0215148515219496,-0.049694262027027,0.019096,-0.05049,-0.051885
2020-12-01,4,-0.0287532060575133,-0.0456259970810811,0.019096,-0.05049,-0.051885
2020-12-01,5,-0.0428302827336989,-0.0338126203513514,0.019096,-0.05049,-0.051885
2021-01-01,1,0.0364935306551312,-0.0308529014690027,-0.000996,-0.08229,-0.002816
2021-01-01,2,-0.00461646920813685,-0.0682333408221024,-0.000996,-0.08229,-0.002816
2021-01-01,3,-0.0493176925582213,-0.0799595425067385,-0.000996,-0.08229,-0.002816
2021-01-01,4,-0.0273338813246296,-0.0816140953504043,-0.000996,-0.08229,-0.002816
2021-01-01,5,-0.0242884573632532,-0.0721692985849057,-0.000996,-0.08229,-0.002816
2021-02-01,1,-0.0430305765924482,-0.0147581078982597,0.004966,0.022252,0.039535
2021-02-01,2,0.00837405909779267,0.0321377127345844,0.004966,0.022252,0.039535
2021-02-01,3,0.0207414759613919,0.0441707349865952,0.004966,0.022252,0.039535
2021-02-01,4,0.0458706728399063,0.0475603497319035,0.004966,0.022252,0.039535
2021-02-01,5,0.0550015177770051,0.0580355422252011,0.004966,0.022252,0.039535
2021-03-01,1,-0.0663781476300248,-0.0252401700669344,-0.023841,0.050997,0.046326
2021-03-01,2,-0.0252652543270407,0.00297620771084337,-0.023841,0.050997,0.046326
2021-03-01,3,-0.0138628943856905,0.020012972690763,-0.023841,0.050997,0.046326
2021-03-01,4,-0.000913921512240021,0.0324479439142091,-0.023841,0.050997,0.046326
2021-03-01,5,0.0291485356632069,0.0526704321179624,-0.023841,0.050997,0.046326
2021-04-01,1,0.0617755936084709,0.03366887708166,0.009159,0.00306,-0.029428
2021-04-01,2,-0.00467414217175665,-0.00559246917001338,0.009159,0.00306,-0.029428
2021-04-01,3,0.0188659199745829,-0.00430294564926372,0.009159,0.00306,-0.029428
2021-04-01,4,-0.00761863293597108,-0.00255265886211513,0.009159,0.00306,-0.029428
2021-04-01,5,-0.0297826595374972,0.00388239919571046,0.009159,0.00306,-0.029428
2021-05-01,1,0.0619526822880291,0.0617910350736278,0.047826,0.02814,-0.022059
2021-05-01,2,0.0477300619862255,0.0715032424096385,0.047826,0.02814,-0.022059
2021-05-01,3,0.0605572262692018,0.0638881099866131,0.047826,0.02814,-0.022059
2021-05-01,4,0.0468990674433492,0.0595847019302949,0.047826,0.02814,-0.022059
2021-05-01,5,0.0278315956877963,0.0524866280965147,0.047826,0.02814,-0.022059
2021-06-01,1,0.0209998719650176,0.0512154635609103,0.002256,0.0441,-0.0231
2021-06-01,2,0.0181190540690663,0.0355214388219545,0.002256,0.0441,-0.0231
2021-06-01,3,-0.0155603407474538,0.0336631966800535,0.002256,0.0441,-0.0231
2021-06-01,4,-0.0106347720213801,0.0287112105093834,0.002256,0.0441,-0.0231
2021-06-01,5,-0.00670046029023619,0.0164369907238606,0.002256,0.0441,-0.0231
2021-07-01,1,-0.0531986417334501,0.0148707724513619,-0.044468,0.04685,-0.026626
2021-07-01,2,-0.00658699148988213,0.00404082918287938,-0.044468,0.04685,-0.026626
2021-07-01,3,-0.00646122864710686,0.00641901577172503,-0.044468,0.04685,-0.026626
2021-07-01,4,-0.0563876312755294,-0.00524158046692607,-0.044468,0.04685,-0.026626
2021-07-01,5,-0.0478544041092333,-0.023984815616083,-0.044468,0.04685,-0.026626
2021-08-01,1,-0.020566991002546,0.0202396721583653,0.039472,0.026332,0.062356
2021-08-01,2,0.0497396709964479,0.0505730831417625,0.039472,0.026332,0.062356
2021-08-01,3,0.070453590391755,0.0762152491187739,0.039472,0.026332,0.062356
2021-08-01,4,0.0914684821005122,0.0949831600383142,0.039472,0.026332,0.062356
2021-08-01,5,0.0702911830501694,0.0891492724168798,0.039472,0.026332,0.062356
2021-09-01,1,-0.0112218791651413,-0.0559767487562814,0.001637,-0.030596,0.022226
2021-09-01,2,-0.0342526795871762,-0.0411445180276382,0.001637,-0.030596,0.022226
2021-09-01,3,-0.00731361526366672,-0.0178985713567839,0.001637,-0.030596,0.022226
2021-09-01,4,0.00812065482823937,0.00260578206030151,0.001637,-0.030596,0.022226
2021-09-01,5,0.0333824184481373,0.0260639884924623,0.001637,-0.030596,0.022226
2021-10-01,1,0.0346493815031768,0.0135280813982522,-0.002467,-0.021189,-0.053134
2021-10-01,2,0.00742753184876029,-0.00992061303370786,-0.002467,-0.021189,-0.053134
2021-10-01,3,-0.0196491596409219,-0.0220810579775281,-0.002467,-0.021189,-0.053134
2021-10-01,4,-0.0240348369879751,-0.0424949857677903,-0.002467,-0.021189,-0.053134
2021-10-01,5,-0.0383360476866671,-0.0484074635205992,-0.002467,-0.021189,-0.053134
2021-11-01,1,0.0239176901413679,0.0952295078260869,0.014603,0.111218,-0.045755
2021-11-01,2,0.054783217236521,0.124442029962733,0.014603,0.111218,-0.045755
2021-11-01,3,0.062006066156707,0.12349824357764,0.014603,0.111218,-0.045755
2021-11-01,4,0.019220753401898,0.0978881402732919,0.014603,0.111218,-0.045755
2021-11-01,5,-0.0158371069276322,0.0481869348074534,0.014603,0.111218,-0.045755
2021-12-01,1,-0.0198789738100718,-0.0272078344607843,0.017492,0.020004,0.036433
2021-12-01,2,0.00865610025595126,0.0110961247058823,0.017492,0.020004,0.036433
2021-12-01,3,0.0423517204034581,0.0405841688235294,0.017492,0.020004,0.036433
2021-12-01,4,0.0422901621820597,0.0645426286764705,0.017492,0.020004,0.036433
2021-12-01,5,0.0532341690937719,0.0783877338404908,0.017492,0.020004,0.036433
2022-01-01,1,-0.126587145883127,-0.136202453161765,-0.081073,-0.011326,0.064437
2022-01-01,2,-0.11096516180635,-0.10307178625,-0.081073,-0.011326,0.064437
2022-01-01,3,-0.0907947050036169,-0.0934790565196078,-0.081073,-0.011326,0.064437
2022-01-01,4,-0.0719143916351902,-0.0753151274509804,-0.081073,-0.011326,0.064437
2022-01-01,5,-0.0248938265546065,-0.0484446650306748,-0.081073,-0.011326,0.064437
2022-02-01,1,0.0189766128943335,0.0422327980511571,0.026775,0.029698,0.005899
2022-02-01,2,0.0320932852672515,0.0427428580267966,0.026775,0.029698,0.005899
2022-02-01,3,0.0442045595563033,0.04977451863581,0.026775,0.029698,0.005899
2022-02-01,4,0.0307277473855335,0.0514590898903776,0.026775,0.029698,0.005899
2022-02-01,5,0.0289721219371367,0.04810675454324,0.026775,0.029698,0.005899
2022-03-01,1,-0.10698787557178,-0.0942401152173913,-0.061543,0.036397,0.080078
2022-03-01,2,-0.105831449695663,-0.0884731324154589,-0.061543,0.036397,0.080078
2022-03-01,3,-0.083917025458303,-0.0509301862801933,-0.061543,0.036397,0.080078
2022-03-01,4,-0.0489472507689083,-0.0270247647826087,-0.061543,0.036397,0.080078
2022-03-01,5,-0.0124122728309608,0.0077926705199516,-0.061543,0.036397,0.080078
2022-04-01,1,-0.0723623667159602,-0.153394082593037,-0.072421,-0.103798,0.036158
2022-04-01,2,-0.108389426523114,-0.172580680912365,-0.072421,-0.103798,0.036158
2022-04-01,3,-0.125316404165485,-0.165799944050481,-0.072421,-0.103798,0.036158
2022-04-01,4,-0.105866674894646,-0.148336342259615,-0.072421,-0.103798,0.036158
2022-04-01,5,-0.0431599938702877,-0.106699506550481,-0.072421,-0.103798,0.036158
2022-05-01,1,0.0580129988836663,0.113741629578821,0.047768,0.07924,-0.036941
2022-05-01,2,0.0867535030916691,0.119464474031288,0.047768,0.07924,-0.036941
2022-05-01,3,0.0927404547054976,0.111295280240674,0.047768,0.07924,-0.036941
2022-05-01,4,0.0547974062049434,0.104699795788207,0.047768,0.07924,-0.036941
2022-05-01,5,0.0178835649205788,0.0862328398555957,0.047768,0.07924,-0.036941
2022-06-01,1,0.140081620183207,0.111035669182692,0.077807,-0.018537,-0.067257
2022-06-01,2,0.0864659270984488,0.0932778443149039,0.077807,-0.018537,-0.067257
2022-06-01,3,0.0939847976518572,0.0827576873557692,0.077807,-0.018537,-0.067257
2022-06-01,4,0.0620240701543439,0.0653227093381468,0.077807,-0.018537,-0.067257
2022-06-01,5,0.0359340324854886,0.0394007615523466,0.077807,-0.018537,-0.067257
2022-07-01,1,-0.0538244540940304,0.008841793954023,-0.032636,0.082841,-0.000982
2022-07-01,2,-0.00255793903295806,0.0368822353218391,-0.032636,0.082841,-0.000982
2022-07-01,3,0.000659089030540354,0.0466857421034483,-0.032636,0.082841,-0.000982
2022-07-01,4,-0.0158172534938452,0.0394165196551724,-0.032636,0.082841,-0.000982
2022-07-01,5,-0.0292996353969704,0.0129759477701149,-0.032636,0.082841,-0.000982
2022-08-01,1,-0.0425494523997949,-0.0526080452847381,-0.015578,-0.016403,0.026429
2022-08-01,2,-0.0358468321390328,-0.0447083823234624,-0.015578,-0.016403,0.026429
2022-08-01,3,-0.0348140101391086,-0.0315712314806378,-0.015578,-0.016403,0.026429
2022-08-01,4,-0.000586473547905393,-0.0176554509339408,-0.015578,-0.016403,0.026429
2022-08-01,5,0.00713918061392059,-0.00510041363740023,-0.015578,-0.016403,0.026429
2022-09-01,1,-0.0706913731592672,-0.0855602887358917,-0.059959,-0.033311,0.032551
2022-09-01,2,-0.0787613893079182,-0.0940901445823928,-0.059959,-0.033311,0.032551
2022-09-01,3,-0.0907945477839657,-0.0992504074717833,-0.059959,-0.033311,0.032551
2022-09-01,4,-0.066704783888449,-0.0874888458757062,-0.059959,-0.033311,0.032551
2022-09-01,5,-0.0440808493605072,-0.0723690832881356,-0.059959,-0.033311,0.032551
2022-10-01,1,-0.0573121972070461,0.0269319347421525,-0.04291,0.089395,-0.025729
2022-10-01,2,-0.00558215250155719,0.0469270879484305,-0.04291,0.089395,-0.025729
2022-10-01,3,0.00802174219394686,0.0524501324215247,-0.04291,0.089395,-0.025729
2022-10-01,4,-0.0308260687487267,0.0402335841928251,-0.04291,0.089395,-0.025729
2022-10-01,5,-0.0400036597959603,0.00131099303811659,-0.04291,0.089395,-0.025729
2022-11-01,1,0.046867505990111,0.0389088480422692,0.090256,-0.016546,0.036651
2022-11-01,2,0.0666259560841056,0.0644093898776418,0.090256,-0.016546,0.036651
2022-11-01,3,0.0800792364260053,0.0768025146051168,0.090256,-0.016546,0.036651
2022-11-01,4,0.114109632551234,0.0931007793770856,0.090256,-0.016546,0.036651
2022-11-01,5,0.122490848497569,0.123215569621381,0.090256,-0.016546,0.036651
2022-12-01,1,0.00621993476070869,-0.0374660618502203,-0.019111,-0.026701,-0.023791
2022-12-01,2,-0.0186984906359287,-0.0350393370484581,-0.019111,-0.026701,-0.023791
2022-12-01,3,-0.0335452637589362,-0.042258258831312,-0.019111,-0.026701,-0.023791
2022-12-01,4,-0.0294501637722033,-0.0425781127232635,-0.019111,-0.026701,-0.023791
2022-12-01,5,-0.0282676813339526,-0.0421925376405733,-0.019111,-0.026701,-0.023791
2023-01-01,1,0.076606242771591,0.0755043367292818,0.061627,0.014075,-0.032488
2023-01-01,2,0.0690598485697086,0.0815001725082873,0.061627,0.014075,-0.032488
2023-01-01,3,0.0828692624386996,0.0897586696353591,0.061627,0.014075,-0.032488
2023-01-01,4,0.0579951270764738,0.0842752824088397,0.061627,0.014075,-0.032488
2023-01-01,5,0.0479207640955439,0.0628801342256637,0.061627,0.014075,-0.032488
2023-02-01,1,-0.0289586762121074,-0.00231540744493392,0.003776,0.035626,0.016069
2023-02-01,2,0.0180177929695957,0.0340517958590308,0.003776,0.035626,0.016069
2023-02-01,3,0.019672018296324,0.0419077473428886,0.003776,0.035626,0.016069
2023-02-01,4,0.029572024061697,0.0442407386108049,0.003776,0.035626,0.016069
2023-02-01,5,0.0114018039237069,0.038935060154355,0.003776,0.035626,0.016069
2023-03-01,1,-0.0296177202128186,-0.0344154624315444,-0.002084,-0.016323,0.006044
2023-03-01,2,0.0052606474451039,-0.00451548377192983,-0.002084,-0.016323,0.006044
2023-03-01,3,-0.0117538603089958,-0.00489830942982456,-0.002084,-0.016323,0.006044
2023-03-01,4,-0.00412670290517852,-0.0049353153508772,-0.002084,-0.016323,0.006044
2023-03-01,5,0.0132530153794959,-0.014564636622807,-0.002084,-0.016323,0.006044
2023-04-01,1,-0.0527540363848479,-0.047131467571116,0.008041,-0.037348,0.077193
2023-04-01,2,-0.0325434951351415,-0.040568958512035,0.008041,-0.037348,0.077193
2023-04-01,3,-0.017736340319624,-0.0349998733041576,0.008041,-0.037348,0.077193
2023-04-01,4,0.00201889638127409,-0.026870263238512,0.008041,-0.037348,0.077193
2023-04-01,5,0.0638630930899013,0.00820946453450164,0.008041,-0.037348,0.077193
2023-05-01,1,-0.0473988662867443,-0.0114446140043764,-0.034108,0.050626,0.01197
2023-05-01,2,-0.0325898482069343,0.00526859507119387,-0.034108,0.050626,0.01197
2023-05-01,3,-0.0184854422298343,0.0116792394304491,-0.034108,0.050626,0.01197
2023-05-01,4,-0.0325754726517517,0.00727423143483023,-0.034108,0.050626,0.01197
2023-05-01,5,-0.0239780825960627,-0.0115761509309967,-0.034108,0.050626,0.01197
2023-06-01,1,0.0196624232692013,0.0162884521991247,0.013828,0.018466,-0.015499
2023-06-01,2,0.0115869386897717,0.0278624826148796,0.013828,0.018466,-0.015499
2023-06-01,3,0.0408436478853562,0.0310489065754923,0.013828,0.018466,-0.015499
2023-06-01,4,0.0177051430049719,0.0346505341840088,0.013828,0.018466,-0.015499
2023-06-01,5,0.00524585244580404,0.0167110653669222,0.013828,0.018466,-0.015499
2023-07-01,1,0.00549867362393539,-0.0343804460385439,0.037723,-0.021729,0.02561
2023-07-01,2,0.00780472656687965,-0.0127381440514469,0.037723,-0.021729,0.02561
2023-07-01,3,0.0106416040603218,0.00385835155412649,0.037723,-0.021729,0.02561
2023-07-01,4,0.031800757201621,0.0314442688102894,0.037723,-0.021729,0.02561
2023-07-01,5,0.0721754065345766,0.0696111607717042,0.037723,-0.021729,0.02561
2023-08-01,1,-0.050339703094259,-0.0470239208917198,-0.05218,0.012914,0.00238
2023-08-01,2,-0.0531668645520434,-0.0385138674840764,-0.05218,0.012914,0.00238
2023-08-01,3,-0.0566092690955251,-0.0346011020488323,-0.05218,0.012914,0.00238
2023-08-01,4,-0.0591000522018979,-0.0429516885244161,-0.05218,0.012914,0.00238
2023-08-01,5,-0.0553744046077858,-0.0550761843630573,-0.05218,0.012914,0.00238
2023-09-01,1,-0.0325781631459875,-0.0179718916929548,-0.003699,0.0087,0.018303
2023-09-01,2,-0.0189095491512023,-0.0041121,-0.003699,0.0087,0.018303
2023-09-01,3,-0.0078431038380485,0.000827787368421053,-0.003699,0.0087,0.018303
2023-09-01,4,-0.00116729977025908,0.00537192631578947,-0.003699,0.0087,0.018303
2023-09-01,5,0.0131424315930491,0.00830468631578947,-0.003699,0.0087,0.018303
2023-10-01,1,-0.0263585604580772,-0.0183377068691099,-0.027992,0.03176,-0.00969
2023-10-01,2,-0.0104471299164524,-0.00360880527748691,-0.027992,0.03176,-0.00969
2023-10-01,3,-0.0323548746151535,-0.00864022393717277,-0.027992,0.03176,-0.00969
2023-10-01,4,-0.0109496607806823,-0.00264685254450262,-0.027992,0.03176,-0.00969
2023-10-01,5,-0.032441418765178,-0.0145214500314136,-0.027992,0.03176,-0.00969
2023-11-01,1,0.00588188780976596,0.033967104375,-0.000803,0.055091,-0.004785
2023-11-01,2,0.00115838577650246,0.0441503184791667,-0.000803,0.055091,-0.004785
2023-11-01,3,0.013510080785135,0.0415568107083333,-0.000803,0.055091,-0.004785
2023-11-01,4,0.00902030190352784,0.0383821796458333,-0.000803,0.055091,-0.004785
2023-11-01,5,-0.00433291568065861,0.0166049453180396,-0.000803,0.055091,-0.004785
2023-12-01,1,-0.0272233724875446,-0.0254676734989648,-0.016243,-0.005481,0.00504
2023-12-01,2,-0.0141218505165989,-0.019717682815735,-0.016243,-0.005481,0.00504
2023-12-01,3,-0.0188441690815417,-0.0185345930362694,-0.016243,-0.005481,0.00504
2023-12-01,4,-0.0256918564351047,-0.0217679883523316,-0.016243,-0.005481,0.00504
2023-12-01,5,-0.0155204721280456,-0.0230531368911917,-0.016243,-0.005481,0.00504
2024-01-01,1,-0.168590801123139,-0.224862103124347,-0.070389,-0.131209,0.108439
2024-01-01,2,-0.154760121847386,-0.218575221922675,-0.070389,-0.131209,0.108439
2024-01-01,3,-0.155982772797065,-0.207528040910042,-0.070389,-0.131209,0.108439
2024-01-01,4,-0.119878749857167,-0.177126856705021,-0.070389,-0.131209,0.108439
2024-01-01,5,0.0081491529941714,-0.095052477374477,-0.070389,-0.131209,0.108439
2024-02-01,1,0.12008717843417,0.0934150371666667,0.079271,-0.07062,-0.043608
2024-02-01,2,0.112584202882713,0.067503204875,0.079271,-0.07062,-0.043608
2024-02-01,3,0.102285430346105,0.0521217202085506,0.079271,-0.07062,-0.043608
2024-02-01,4,0.0792835329143255,0.0386661760583942,0.079271,-0.07062,-0.043608
2024-02-01,5,0.0574294872775303,0.0338152868404588,0.079271,-0.07062,-0.043608
2024-03-01,1,0.0133708135484708,0.0284117019730009,0.016809,0.059653,-0.001429
2024-03-01,2,0.0300829364033728,0.0491239884942886,0.016809,0.059653,-0.001429
2024-03-01,3,0.0160447174410136,0.0573318644029075,0.016809,0.059653,-0.001429
2024-03-01,4,0.0165265830349541,0.0602900585877465,0.016809,0.059653,-0.001429
2024-03-01,5,0.00782788867358058,0.0339321335617861,0.016809,0.059653,-0.001429
2024-04-01,1,0.0101105863310716,-0.0322238187357513,0.016789,-0.053258,0.033182
2024-04-01,2,0.0111762994550191,-0.021862248746114,0.016789,-0.053258,0.033182
2024-04-01,3,0.0100538032726295,-0.0167191778238342,0.016789,-0.053258,0.033182
2024-04-01,4,0.0173009766369284,-0.00646256845595856,0.016789,-0.053258,0.033182
2024-04-01,5,0.0259457910243121,-0.00165308985477179,0.016789,-0.053258,0.033182
2024-05-01,1,-0.03369525889757,-0.0220344604559586,-0.007698,-0.009821,0.031832
2024-05-01,2,-0.00689257190598039,-0.0122353093678757,-0.007698,-0.009821,0.031832
2024-05-01,3,-0.00879927171433891,-0.0104079900932643,-0.007698,-0.009821,0.031832
2024-05-01,4,0.00569122870138423,-0.0070241674611399,-0.007698,-0.009821,0.031832
2024-05-01,5,0.00671343804715338,-0.011154781846473,-0.007698,-0.009821,0.031832
2024-06-01,1,-0.0577765305935193,-0.0811115703316062,-0.029067,-0.062087,0.045716
2024-06-01,2,-0.0330603758195985,-0.0766762008704663,-0.029067,-0.062087,0.045716
2024-06-01,3,-0.0542624810609216,-0.0823139278549223,-0.029067,-0.062087,0.045716
2024-06-01,4,-0.0545913807607704,-0.0888444846735751,-0.029067,-0.062087,0.045716
2024-06-01,5,-0.0190956881696038,-0.0953286630290456,-0.029067,-0.062087,0.045716
2024-07-01,1,-0.0145377282297571,-0.0100731018200202,-0.000654,0.017188,0.007735
2024-07-01,2,-0.00317020365769238,-0.00192753886754297,-0.000654,0.017188,0.007735
2024-07-01,3,-0.00336315565575169,-0.00141980937246963,-0.000654,0.017188,0.007735
2024-07-01,4,-0.0190815764925077,0.00854597899797571,-0.000654,0.017188,0.007735
2024-07-01,5,0.0272955074858817,0.0321332586538462,-0.000654,0.017188,0.007735
2024-08-01,1,-0.0433137648749934,-0.0543999838631791,-0.027907,-0.001017,-0.000232
2024-08-01,2,-0.0446704174787952,-0.0460691074044266,-0.027907,-0.001017,-0.000232
2024-08-01,3,-0.0286440073425607,-0.0308554503018109,-0.027907,-0.001017,-0.000232
2024-08-01,4,-0.0339396159915585,-0.0299647966968782,-0.027907,-0.001017,-0.000232
2024-08-01,5,-0.0219978813570813,-0.0279468484994965,-0.027907,-0.001017,-0.000232
2024-09-01,1,0.226150136031973,0.237340619157472,0.182221,0.045402,-0.06519
2024-09-01,2,0.217763281196582,0.227673382347041,0.182221,0.045402,-0.06519
2024-09-01,3,0.206804368597962,0.224521733674699,0.182221,0.045402,-0.06519
2024-09-01,4,0.207490010749283,0.221538089046185,0.182221,0.045402,-0.06519
2024-09-01,5,0.161390939805573,0.233904264628514,0.182221,0.045402,-0.06519
2024-10-01,1,-0.00880794205072388,0.0911110487374749,-0.00986,0.116481,-0.045243
2024-10-01,2,0.0100375185164354,0.0774261032865731,-0.00986,0.116481,-0.045243
2024-10-01,3,0.0266362731464494,0.0619325161623246,-0.00986,0.116481,-0.045243
2024-10-01,4,-0.00575881332104908,0.0512666822144288,-0.00986,0.116481,-0.045243
2024-10-01,5,-0.00902829653021171,0.0512351310621242,-0.00986,0.116481,-0.045243
2024-11-01,1,0.0113253738624272,0.01424105248,0.008779,0.054367,-0.001248
2024-11-01,2,0.00600338321711377,0.04451797536,0.008779,0.054367,-0.001248
2024-11-01,3,0.00846157948392397,0.05048021824,0.008779,0.054367,-0.001248
2024-11-01,4,0.0209702197676362,0.05379047771,0.008779,0.054367,-0.001248
2024-11-01,5,0.0141098923680786,0.05611947421,0.008779,0.054367,-0.001248
2024-12-01,1,-0.023290919035124,-0.0562849670987039,0.006597,-0.065928,0.040897
2024-12-01,2,-0.0220624067003483,-0.0420578052642074,0.006597,-0.065928,0.040897
2024-12-01,3,-0.0258574195105366,-0.0491973776271186,0.006597,-0.065928,0.040897
2024-12-01,4,-0.0236720622350428,-0.0450993472654691,0.006597,-0.065928,0.040897
2024-12-01,5,0.0321524373448229,-0.0325863162075848,0.006597,-0.065928,0.040897
2025-01-01,1,-0.0238132460768093,-0.0131290862487562,-0.028638,0.013183,0.000862
2025-01-01,2,-0.0177869812266638,-0.01281088760199,-0.028638,0.013183,0.000862
2025-01-01,3,-0.0210345138433435,-0.0137612283383085,-0.028638,0.013183,0.000862
2025-01-01,4,-0.0383114750150788,-0.0172235707064677,-0.028638,0.013183,0.000862
2025-01-01,5,-0.0277314830400068,-0.0287811571343284,-0.028638,0.013183,0.000862
2025-02-01,1,0.0525597166191764,0.0875563842345924,0.021423,0.067475,-0.041722
2025-02-01,2,0.0399243944101534,0.0836490069781312,0.021423,0.067475,-0.041722
2025-02-01,3,0.0436930578345639,0.07555637,0.021423,0.067475,-0.041722
2025-02-01,4,0.0313509237845456,0.0686865245526839,0.021423,0.067475,-0.041722
2025-02-01,5,0.00863640796271076,0.0518037455666004,0.021423,0.067475,-0.041722
2025-03-01,1,-0.015642026669161,-0.0232445366666667,0.003802,-0.011635,0.014716
2025-03-01,2,-0.00669933894040688,0.000494458095238107,0.003802,-0.011635,0.014716
2025-03-01,3,0.00482916200886112,0.00714685557100299,0.003802,-0.011635,0.014716
2025-03-01,4,0.0138224789952378,0.0144830184707051,0.003802,-0.011635,0.014716
2025-03-01,5,0.00663032246299914,0.00419172850049653,0.003802,-0.011635,0.014716
2025-04-01,1,-0.0291912531349375,-0.0356404983333333,-0.024464,0.006325,0.022734
2025-04-01,2,-0.0365687467837473,-0.0291709057539683,-0.024464,0.006325,0.022734
2025-04-01,3,-0.0368268765140676,-0.0236067594444444,-0.024464,0.006325,0.022734
2025-04-01,4,-0.0329488256364285,-0.0215689422222222,-0.024464,0.006325,0.022734
2025-04-01,5,-0.0142765543798036,-0.0160886112015889,-0.024464,0.006325,0.022734
2025-05-01,1,0.00617207437091332,0.028539467428004,0.027874,0.042258,0.003368
2025-05-01,2,0.0229570894174255,0.0440546315109344,0.027874,0.042258,0.003368
2025-05-01,3,0.0331992599626065,0.0601987583499006,0.027874,0.042258,0.003368
2025-05-01,4,0.0356783328729809,0.0648176498011928,0.027874,0.042258,0.003368
2025-05-01,5,0.0322647140880835,0.0540164566600398,0.027874,0.042258,0.003368
2025-06-01,1,0.0349002946063627,0.0721686639880952,0.037381,0.033809,-0.007433
2025-06-01,2,0.0419478960263004,0.0664780291956305,0.037381,0.033809,-0.007433
2025-06-01,3,0.0592934804813769,0.0687585106256206,0.037381,0.033809,-0.007433
2025-06-01,4,0.0301758797002176,0.0569210188182721,0.037381,0.033809,-0.007433
2025-06-01,5,0.0416387846745844,0.0402149838629593,0.037381,0.033809,-0.007433
2025-07-01,1,0.0491354504832674,0.0424922059068385,0.037808,0.003373,0.002075
2025-07-01,2,0.0439840196986771,0.050144559801784,0.037808,0.003373,0.002075
2025-07-01,3,0.0569309245934561,0.0544950534390486,0.037808,0.003373,0.002075
2025-07-01,4,0.0423308891010227,0.050131077740337,0.037808,0.003373,0.002075
2025-07-01,5,0.0397250995184315,0.0589650181962339,0.037808,0.003373,0.002075
2025-08-01,1,0.161741873327721,0.123349544039604,0.076523,-0.010259,-0.071706
2025-08-01,2,0.146895028178702,0.0984569838811881,0.076523,-0.010259,-0.071706
2025-08-01,3,0.111087790058062,0.0882475555643564,0.076523,-0.010259,-0.071706
2025-08-01,4,0.0702509127633693,0.0684777546138614,0.076523,-0.010259,-0.071706
2025-08-01,5,0.0352844126454268,0.0480883819623389,0.076523,-0.010259,-0.071706
2025-09-01,1,0.0575781788297061,0.0143357923913043,0.007886,-0.007975,-0.023007
2025-09-01,2,0.0347304440121217,0.00695031913946587,0.007886,-0.007975,-0.023007
2025-09-01,3,0.0388298740814726,0.0100352839762611,0.007886,-0.007975,-0.023007
2025-09-01,4,0.0041941717692454,0.0158242170623145,0.007886,-0.007975,-0.023007
2025-09-01,5,-0.0243585506641368,0.00511444070227497,0.007886,-0.007975,-0.023007
2025-10-01,1,-0.0257406872336839,-0.017431667917078,0.018882,0.008544,0.04812
2025-10-01,2,-0.0105463738037813,0.00202553285291214,0.018882,0.008544,0.04812
2025-10-01,3,0.00299511393883571,0.0197264988943732,0.018882,0.008544,0.04812
2025-10-01,4,0.0271567506326649,0.0299096762252964,0.018882,0.008544,0.04812
2025-10-01,5,0.0476296011929428,0.035359131284585,0.018882,0.008544,0.04812
2025-11-01,1,-0.0382010831708013,-0.0129552108086785,-0.012412,0.024799,0.018864
2025-11-01,2,-0.0352458132164847,-0.0103473902169625,-0.012412,0.024799,0.018864
2025-11-01,3,-0.016119567311611,0.00202066067061143,-0.012412,0.024799,0.018864
2025-11-01,4,-0.0184675653305233,0.00227755664694279,-0.012412,0.024799,0.018864
2025-11-01,5,0.00260577179529076,-0.000865867087857852,-0.012412,0.024799,0.018864
2025-12-01,1,0.0417217549047105,0.0342887285925197,0.023226,-0.016163,-0.006487
2025-12-01,2,0.0335761292210742,0.0257323541871921,0.023226,-0.016163,-0.006487
2025-12-01,3,0.0334865342081962,0.0151079561576355,0.023226,-0.016163,-0.006487
2025-12-01,4,0.0251712978498821,0.00725886600985222,0.023226,-0.016163,-0.006487
2025-12-01,5,0.00752961479232536,-0.0025090815270936,0.023226,-0.016163,-0.006487
